,zipcode,state,county_code,name,rate_area,plan_id,metal_level,rate
1788,86313,AZ,4025,Yavapai,2,43479SF6868588,Silver,209.35
1785,86313,AZ,4025,Yavapai,2,47626MM2378813,Silver,292.9
1796,86313,AZ,4025,Yavapai,2,67967DB8080392,Silver,294.35
1779,86313,AZ,4025,Yavapai,2,60823PF6946241,Silver,294.99
1799,86313,AZ,4025,Yavapai,2,29750RY9394804,Silver,313.56
1776,86313,AZ,4025,Yavapai,2,36246YO5851235,Silver,314.99
1782,86313,AZ,4025,Yavapai,2,40833OI8485368,Silver,345.62
1805,86313,AZ,4025,Yavapai,2,09669UL7912437,Silver,353.73
1780,86313,AZ,4025,Yavapai,2,43938NS4318508,Silver,356.25
1806,86313,AZ,4025,Yavapai,2,36772VP8194014,Silver,361.69
1791,86313,AZ,4025,Yavapai,2,78064XE1674412,Silver,366.56
1792,86313,AZ,4025,Yavapai,2,50426YB9936157,Silver,368.5
1803,86313,AZ,4025,Yavapai,2,55700KR1095538,Silver,380.4
1800,86313,AZ,4025,Yavapai,2,29964KV3970528,Silver,391.8
1777,86313,AZ,4025,Yavapai,2,70691KN8718222,Silver,403.16
1778,86313,AZ,4025,Yavapai,2,02672EZ3588273,Silver,406.3
1784,86313,AZ,4025,Yavapai,2,05630YS2251580,Silver,409.04
1789,86313,AZ,4025,Yavapai,2,19341DQ2700436,Silver,409.2
1775,86313,AZ,4025,Yavapai,2,64875VB5128196,Silver,416.99
1807,86313,AZ,4025,Yavapai,2,23328UI8791980,Silver,417.4
1798,86313,AZ,4025,Yavapai,2,97073BR8563511,Silver,445.04
1787,86313,AZ,4025,Yavapai,2,36386GX4868032,Silver,493.02
1794,86313,AZ,4025,Yavapai,2,84756TJ1226467,Silver,497.29
1793,86313,AZ,4025,Yavapai,2,81453BS2107326,Silver,505.77
1801,86313,AZ,4025,Yavapai,2,01505QU5442374,Silver,510.61
744,33608,FL,12057,Hillsborough,28,96333QM9236073,Silver,268.48
753,33608,FL,12057,Hillsborough,28,69314EJ0307032,Silver,268.49
752,33608,FL,12057,Hillsborough,28,09755YI0246822,Silver,284.73
734,33608,FL,12057,Hillsborough,28,82491VO4331901,Silver,284.96
748,33608,FL,12057,Hillsborough,28,54690GS4820103,Silver,285.15
736,33608,FL,12057,Hillsborough,28,94185WK1369537,Silver,295.8
747,33608,FL,12057,Hillsborough,28,50463GF1454945,Silver,308.05
751,33608,FL,12057,Hillsborough,28,98576ZD7183621,Silver,309.02
741,33608,FL,12057,Hillsborough,28,72188VG6562216,Silver,318.83
735,33608,FL,12057,Hillsborough,28,57953KY3955512,Silver,324.98
733,33608,FL,12057,Hillsborough,28,56347PW1250753,Silver,336.26
743,33608,FL,12057,Hillsborough,28,72399KN9041390,Silver,337.54
739,33608,FL,12057,Hillsborough,28,33796VB0348295,Silver,359.34
738,33608,FL,12057,Hillsborough,28,15100SZ1022328,Silver,362.58
745,33608,FL,12057,Hillsborough,28,15220NA4824730,Silver,362.83
742,33608,FL,12057,Hillsborough,28,81432JJ0517675,Silver,369.39
746,33608,FL,12057,Hillsborough,28,85392MZ1103078,Silver,371.08
737,33608,FL,12057,Hillsborough,28,27473HE1819763,Silver,371.88
749,33608,FL,12057,Hillsborough,28,98332QO2206593,Silver,386.57
750,33608,FL,12057,Hillsborough,28,06695ED2476536,Silver,388.5
740,33608,FL,12057,Hillsborough,28,59162UT5674507,Silver,394.91
1925,31551,GA,13005,Bacon,6,77215MO4993616,Silver,99.53
1930,31551,GA,13005,Bacon,6,80488QN0452279,Silver,290.6
1927,31551,GA,13005,Bacon,6,91897XI8290484,Silver,296.75
1926,31551,GA,13005,Bacon,6,66485LN1088133,Silver,306.07
1937,31551,GA,13005,Bacon,6,84462JD4057490,Silver,333.06
1934,31551,GA,13005,Bacon,6,96977HV1485661,Silver,335.81
1929,31551,GA,13005,Bacon,6,25597GZ9821670,Silver,344.01
1938,31551,GA,13005,Bacon,6,08974YA6298513,Silver,354.59
1933,31551,GA,13005,Bacon,6,87500DC9394558,Silver,362.92
1928,31551,GA,13005,Bacon,6,56582GL7202363,Silver,364.99
1936,31551,GA,13005,Bacon,6,49619UH2692176,Silver,368.31
1932,31551,GA,13005,Bacon,6,64749BM2933507,Silver,373.49
1935,31551,GA,13005,Bacon,6,13272WJ1253728,Silver,464.35
1931,31551,GA,13005,Bacon,6,21738UF7871319,Silver,476.93
1586,39845,GA,13099,Early,15,50767TY0738695,Silver,315.74
1583,39845,GA,13099,Early,15,72473IH8663652,Silver,325.64
1585,39845,GA,13099,Early,15,50788GH8361346,Silver,374.02
1589,39845,GA,13099,Early,15,63417RB8731361,Silver,377.11
1581,39845,GA,13099,Early,15,54752EE9606288,Silver,378.93
1582,39845,GA,13099,Early,15,02682OG6954516,Silver,398.2
1584,39845,GA,13099,Early,15,68733LB5788363,Silver,399.78
1579,39845,GA,13099,Early,15,94692OK0936946,Silver,401.51
1580,39845,GA,13099,Early,15,21205LF7228604,Silver,402.06
1578,39845,GA,13099,Early,15,97397NW7937587,Silver,413.62
1590,39845,GA,13099,Early,15,59743UG9012726,Silver,419.43
1587,39845,GA,13099,Early,15,64327XC6755704,Silver,477.62
1588,39845,GA,13099,Early,15,71430PW4109508,Silver,490.55
724,50014,IA,19015,Boone,1,04350IN4979203,Silver,273.76
727,50014,IA,19015,Boone,1,29700DK6896673,Silver,287.3
723,50014,IA,19015,Boone,1,94313WQ8579602,Silver,322.34
725,50014,IA,19015,Boone,1,17607FO6892881,Silver,337.76
726,50014,IA,19015,Boone,1,99015AH8158731,Silver,388.68
90,51012,IA,19035,Cherokee,3,03745MH0440611,Silver,241.14
88,51012,IA,19035,Cherokee,3,15145HG0577229,Silver,252.76
94,51012,IA,19035,Cherokee,3,99502TT7359047,Silver,276.39
91,51012,IA,19035,Cherokee,3,52803MU5251146,Silver,289.61
89,51012,IA,19035,Cherokee,3,08857YS9202319,Silver,333.27
92,51012,IA,19035,Cherokee,3,76605RH9615229,Silver,346.54
95,51012,IA,19035,Cherokee,3,90526SI7467498,Silver,365.68
87,51012,IA,19035,Cherokee,3,12900CR5741339,Silver,365.99
84,51012,IA,19035,Cherokee,3,71538QO0621038,Silver,366.0
85,51012,IA,19035,Cherokee,3,16581UB9583006,Silver,372.45
83,51012,IA,19035,Cherokee,3,08513NQ7665832,Silver,374.3
86,51012,IA,19035,Cherokee,3,97158KR2120191,Silver,376.3
93,51012,IA,19035,Cherokee,3,29579QY7363560,Silver,384.62
1315,52654,IA,19087,Henry,5,21318KP0980596,Silver,230.29
1313,52654,IA,19087,Henry,5,29115DK5435519,Silver,242.39
1314,52654,IA,19087,Henry,5,43709PT9727611,Silver,278.29
1312,52654,IA,19087,Henry,5,59735OE6060103,Silver,291.6
1311,52654,IA,19087,Henry,5,61346IW5971729,Silver,335.56
1343,52146,IA,19005,Allamakee,7,74611XC1284635,Silver,241.86
1342,52146,IA,19005,Allamakee,7,44187JZ1895780,Silver,254.56
1341,52146,IA,19005,Allamakee,7,76038EB3875267,Silver,292.26
1352,52146,IA,19005,Allamakee,7,29650YQ8602837,Silver,306.24
1347,52146,IA,19005,Allamakee,7,67096OW4208998,Silver,346.54
1353,52146,IA,19005,Allamakee,7,47120AM7505199,Silver,352.41
1346,52146,IA,19005,Allamakee,7,80676TP4846574,Silver,365.68
1344,52146,IA,19005,Allamakee,7,86615YW2898692,Silver,365.99
1348,52146,IA,19005,Allamakee,7,92020HF8660224,Silver,366.0
1351,52146,IA,19005,Allamakee,7,54930JK4757458,Silver,372.45
1345,52146,IA,19005,Allamakee,7,84157WX3013996,Silver,374.3
1349,52146,IA,19005,Allamakee,7,98633KL2677636,Silver,376.3
1350,52146,IA,19005,Allamakee,7,09859IG0387963,Silver,384.62
1515,60094,IL,17031,Cook,1,95026HZ9695911,Silver,207.04
1534,60094,IL,17031,Cook,1,27765DT7606672,Silver,209.95
1531,60094,IL,17031,Cook,1,59340XO6416485,Silver,211.06
1533,60094,IL,17031,Cook,1,10290GB4049658,Silver,215.16
1502,60094,IL,17031,Cook,1,53396CQ7079621,Silver,218.16
1536,60094,IL,17031,Cook,1,30846VL1325560,Silver,220.37
1529,60094,IL,17031,Cook,1,77933VV9073345,Silver,223.16
1505,60094,IL,17031,Cook,1,90403FR8730607,Silver,223.45
1523,60094,IL,17031,Cook,1,75054TQ4632988,Silver,224.63
1516,60094,IL,17031,Cook,1,86789DB1347563,Silver,227.63
1499,60094,IL,17031,Cook,1,51418KN7347576,Silver,228.65
1509,60094,IL,17031,Cook,1,72885IR1213080,Silver,229.38
1506,60094,IL,17031,Cook,1,14631DO3602634,Silver,229.47
1507,60094,IL,17031,Cook,1,47161PR7425433,Silver,230.07
1524,60094,IL,17031,Cook,1,23736QB6013954,Silver,230.49
1537,60094,IL,17031,Cook,1,11952KU3176131,Silver,231.84
1535,60094,IL,17031,Cook,1,55760BD7713509,Silver,232.71
1496,60094,IL,17031,Cook,1,75808CI8779645,Silver,233.14
1512,60094,IL,17031,Cook,1,83212HI7979170,Silver,234.09
1530,60094,IL,17031,Cook,1,86653EW8474883,Silver,235.03
1532,60094,IL,17031,Cook,1,38990KB1150707,Silver,237.32
1538,60094,IL,17031,Cook,1,81235YJ4353543,Silver,238.35
1497,60094,IL,17031,Cook,1,57029PI9064650,Silver,238.71
1492,60094,IL,17031,Cook,1,63014PG9058937,Silver,239.76
1525,60094,IL,17031,Cook,1,63730HF3059365,Silver,240.25
1527,60094,IL,17031,Cook,1,17829GI1061381,Silver,241.19
1511,60094,IL,17031,Cook,1,51335GJ2848957,Silver,241.9
1493,60094,IL,17031,Cook,1,37128JY2259368,Silver,243.07
1495,60094,IL,17031,Cook,1,60257FB6365331,Silver,243.67
1520,60094,IL,17031,Cook,1,36142ZZ9127388,Silver,243.87
1528,60094,IL,17031,Cook,1,38945TC8816906,Silver,247.3
1517,60094,IL,17031,Cook,1,77345GI4418961,Silver,248.28
1519,60094,IL,17031,Cook,1,55905IC1641404,Silver,248.77
1544,60094,IL,17031,Cook,1,97377IF0047501,Silver,249.77
1513,60094,IL,17031,Cook,1,91807ZD9364692,Silver,249.85
1521,60094,IL,17031,Cook,1,88745BS1137951,Silver,252.21
1508,60094,IL,17031,Cook,1,32126UV0275536,Silver,272.26
1501,60094,IL,17031,Cook,1,46675DT7827871,Silver,279.89
1518,60094,IL,17031,Cook,1,79110IS3816018,Silver,280.31
1526,60094,IL,17031,Cook,1,87042WY7886195,Silver,282.61
1542,60094,IL,17031,Cook,1,19610EM5684583,Silver,282.88
1540,60094,IL,17031,Cook,1,05324ZU8541783,Silver,283.7
1503,60094,IL,17031,Cook,1,73553RZ6036642,Silver,297.95
1543,60094,IL,17031,Cook,1,44638KN0712903,Silver,305.96
1491,60094,IL,17031,Cook,1,22989VI9815676,Silver,309.4
1514,60094,IL,17031,Cook,1,65978EL3088841,Silver,318.19
1498,60094,IL,17031,Cook,1,73754YC8328032,Silver,321.4
1522,60094,IL,17031,Cook,1,17330HC9669357,Silver,322.45
1510,60094,IL,17031,Cook,1,87215PU9000962,Silver,343.9
1500,60094,IL,17031,Cook,1,72701TN0049017,Silver,347.12
1541,60094,IL,17031,Cook,1,34625OR1697760,Silver,366.56
1494,60094,IL,17031,Cook,1,10338UB5660605,Silver,373.66
1539,60094,IL,17031,Cook,1,23550ZX0150568,Silver,446.14
1504,60094,IL,17031,Cook,1,34369SP1665033,Silver,454.75
1813,61232,IL,17161,Rock Island,6,91412EQ6038343,Silver,203.54
1814,61232,IL,17161,Rock Island,6,60557OU3238568,Silver,222.38
1815,61232,IL,17161,Rock Island,6,03429LR1800745,Silver,226.76
1820,61232,IL,17161,Rock Island,6,74339TU0608373,Silver,228.12
1823,61232,IL,17161,Rock Island,6,36353ES6517147,Silver,228.2
1825,61232,IL,17161,Rock Island,6,15009BG2767465,Silver,259.39
1817,61232,IL,17161,Rock Island,6,52025KM2288424,Silver,261.61
1816,61232,IL,17161,Rock Island,6,37180GF6121903,Silver,266.37
1821,61232,IL,17161,Rock Island,6,75156TI3172012,Silver,269.36
1827,61232,IL,17161,Rock Island,6,08553SR8983853,Silver,280.72
1812,61232,IL,17161,Rock Island,6,57741VO0952367,Silver,282.53
1826,61232,IL,17161,Rock Island,6,53114UQ4215679,Silver,290.89
1811,61232,IL,17161,Rock Island,6,23689HV1524890,Silver,310.52
1810,61232,IL,17161,Rock Island,6,58773IX2064712,Silver,317.83
1824,61232,IL,17161,Rock Island,6,45916JT4714815,Silver,321.03
1818,61232,IL,17161,Rock Island,6,42747OQ9886956,Silver,331.07
1819,61232,IL,17161,Rock Island,6,48223NO5333677,Silver,332.03
1822,61232,IL,17161,Rock Island,6,27099OT2693720,Silver,358.87
807,46706,IN,18033,DeKalb,3,45219PL0419812,Silver,277.56
792,46706,IN,18033,DeKalb,3,49954BE9799453,Silver,282.43
798,46706,IN,18033,DeKalb,3,98442OV3743789,Silver,289.6
811,46706,IN,18033,DeKalb,3,01048SR5333326,Silver,292.91
797,46706,IN,18033,DeKalb,3,22907GD6676197,Silver,294.64
812,46706,IN,18033,DeKalb,3,37916ZW7398642,Silver,294.68
813,46706,IN,18033,DeKalb,3,07850WD1499842,Silver,298.05
788,46706,IN,18033,DeKalb,3,54418JQ8439594,Silver,300.14
796,46706,IN,18033,DeKalb,3,27600CU5351758,Silver,301.04
789,46706,IN,18033,DeKalb,3,98053UR8022360,Silver,305.4
800,46706,IN,18033,DeKalb,3,41862NU5982719,Silver,306.32
806,46706,IN,18033,DeKalb,3,20133OF3627485,Silver,307.42
785,46706,IN,18033,DeKalb,3,70354FK4881713,Silver,310.94
793,46706,IN,18033,DeKalb,3,70207OD6154935,Silver,318.61
804,46706,IN,18033,DeKalb,3,63157EI2419984,Silver,319.57
791,46706,IN,18033,DeKalb,3,39563IJ9083985,Silver,329.02
784,46706,IN,18033,DeKalb,3,30761XD5958199,Silver,329.27
805,46706,IN,18033,DeKalb,3,67648NQ2726299,Silver,329.82
802,46706,IN,18033,DeKalb,3,04371NP9505836,Silver,330.16
790,46706,IN,18033,DeKalb,3,49998QW9764932,Silver,336.27
810,46706,IN,18033,DeKalb,3,22358WU7987480,Silver,339.41
799,46706,IN,18033,DeKalb,3,08138HB0177219,Silver,342.71
808,46706,IN,18033,DeKalb,3,73803NH3958745,Silver,343.04
801,46706,IN,18033,DeKalb,3,03366MM3122786,Silver,350.1
794,46706,IN,18033,DeKalb,3,64954NJ4248287,Silver,354.97
809,46706,IN,18033,DeKalb,3,46255RB9083752,Silver,355.97
795,46706,IN,18033,DeKalb,3,55185BB2389286,Silver,357.78
803,46706,IN,18033,DeKalb,3,39261KL4478988,Silver,372.58
786,46706,IN,18033,DeKalb,3,62928KM0799327,Silver,474.85
787,46706,IN,18033,DeKalb,3,67940SO7728141,Silver,483.97
763,46706,IN,18003,Allen,4,34756EU3497304,Silver,268.1
775,46706,IN,18003,Allen,4,23570MK1553800,Silver,272.81
764,46706,IN,18003,Allen,4,02916PJ7687294,Silver,279.73
768,46706,IN,18003,Allen,4,57181FH9369988,Silver,282.93
770,46706,IN,18003,Allen,4,62311NL7142961,Silver,284.6
774,46706,IN,18003,Allen,4,99243DY0332131,Silver,284.64
771,46706,IN,18003,Allen,4,93808ZM3147538,Silver,287.9
767,46706,IN,18003,Allen,4,78074UN7202672,Silver,289.91
765,46706,IN,18003,Allen,4,19628OP1300625,Silver,290.78
766,46706,IN,18003,Allen,4,20965UX7521643,Silver,295.0
769,46706,IN,18003,Allen,4,17563QH1263981,Silver,295.89
759,46706,IN,18003,Allen,4,45298NK7602758,Silver,296.95
779,46706,IN,18003,Allen,4,90668IF3390915,Silver,300.35
762,46706,IN,18003,Allen,4,99595DO9999553,Silver,302.7
782,46706,IN,18003,Allen,4,76720PJ3814642,Silver,302.93
781,46706,IN,18003,Allen,4,40323YZ5246146,Silver,307.75
754,46706,IN,18003,Allen,4,85832CA1307132,Silver,308.68
773,46706,IN,18003,Allen,4,94380FY2678784,Silver,309.37
778,46706,IN,18003,Allen,4,89221NP7211049,Silver,324.12
758,46706,IN,18003,Allen,4,02431FM0615630,Silver,326.75
783,46706,IN,18003,Allen,4,75664YP4551604,Silver,330.16
757,46706,IN,18003,Allen,4,98158GB2373694,Silver,339.41
777,46706,IN,18003,Allen,4,03420UH3209854,Silver,340.2
761,46706,IN,18003,Allen,4,01888ME4604192,Silver,342.71
780,46706,IN,18003,Allen,4,20360TC4142166,Silver,343.04
772,46706,IN,18003,Allen,4,87663JA0869440,Silver,346.85
755,46706,IN,18003,Allen,4,76268DV0335287,Silver,352.67
776,46706,IN,18003,Allen,4,28802OI1792931,Silver,354.46
760,46706,IN,18003,Allen,4,68036MS6819715,Silver,455.66
756,46706,IN,18003,Allen,4,77347DD8266565,Silver,464.43
662,47387,IN,18041,Fayette,11,54438UF2320836,Silver,309.49
669,47387,IN,18041,Fayette,11,93479EK6928272,Silver,326.98
655,47387,IN,18041,Fayette,11,33362XX6972863,Silver,329.61
675,47387,IN,18041,Fayette,11,35860YF6400527,Silver,333.07
671,47387,IN,18041,Fayette,11,77365LE7911386,Silver,338.92
667,47387,IN,18041,Fayette,11,51404MF2148840,Silver,347.09
685,47387,IN,18041,Fayette,11,14472JM5746589,Silver,347.52
664,47387,IN,18041,Fayette,11,11196IE1245135,Silver,351.49
659,47387,IN,18041,Fayette,11,99365CW4427368,Silver,352.92
687,47387,IN,18041,Fayette,11,23398HB8398347,Silver,353.57
674,47387,IN,18041,Fayette,11,08455RJ3582166,Silver,353.62
683,47387,IN,18041,Fayette,11,70149RG5576325,Silver,354.7
660,47387,IN,18041,Fayette,11,11181SQ6421588,Silver,354.97
680,47387,IN,18041,Fayette,11,79548IE0298527,Silver,357.66
654,47387,IN,18041,Fayette,11,41001SW5915466,Silver,360.16
656,47387,IN,18041,Fayette,11,95100BY4753503,Silver,361.25
684,47387,IN,18041,Fayette,11,59073WN4572543,Silver,363.66
670,47387,IN,18041,Fayette,11,28180EH3838448,Silver,365.24
681,47387,IN,18041,Fayette,11,75050YV3687902,Silver,366.49
679,47387,IN,18041,Fayette,11,49069SR2015106,Silver,367.58
666,47387,IN,18041,Fayette,11,48603PU0183699,Silver,367.59
673,47387,IN,18041,Fayette,11,68170DY8046821,Silver,368.91
661,47387,IN,18041,Fayette,11,41507UK5188891,Silver,370.77
682,47387,IN,18041,Fayette,11,45039UL2853415,Silver,372.58
653,47387,IN,18041,Fayette,11,92864ST5394191,Silver,373.13
677,47387,IN,18041,Fayette,11,99210OF3486714,Silver,373.84
663,47387,IN,18041,Fayette,11,77918GW3364900,Silver,376.5
678,47387,IN,18041,Fayette,11,59785NL9558139,Silver,376.78
658,47387,IN,18041,Fayette,11,79882QK1210443,Silver,377.48
672,47387,IN,18041,Fayette,11,64021UL0214602,Silver,377.84
686,47387,IN,18041,Fayette,11,34446DS6807695,Silver,382.33
657,47387,IN,18041,Fayette,11,69568XT7962850,Silver,383.48
668,47387,IN,18041,Fayette,11,15864DB1369251,Silver,384.8
665,47387,IN,18041,Fayette,11,37747TK2918119,Silver,490.2
676,47387,IN,18041,Fayette,11,93899QD0008139,Silver,499.62
1853,47452,IN,18093,Lawrence,13,09515YH1158915,Silver,309.49
1828,47452,IN,18093,Lawrence,13,70464DX0133492,Silver,329.61
1848,47452,IN,18093,Lawrence,13,18481SS5683530,Silver,330.59
1851,47452,IN,18093,Lawrence,13,07618LI4653623,Silver,338.09
1838,47452,IN,18093,Lawrence,13,39876TF1847700,Silver,343.08
1832,47452,IN,18093,Lawrence,13,47086TL3076509,Silver,350.91
1856,47452,IN,18093,Lawrence,13,51863EC4028326,Silver,352.69
1854,47452,IN,18093,Lawrence,13,60642ZJ4516298,Silver,356.12
1842,47452,IN,18093,Lawrence,13,02216YM8360686,Silver,356.46
1860,47452,IN,18093,Lawrence,13,16480TL2197334,Silver,356.8
1834,47452,IN,18093,Lawrence,13,16326UX1902217,Silver,357.44
1843,47452,IN,18093,Lawrence,13,95113OG0221685,Silver,358.62
1829,47452,IN,18093,Lawrence,13,58119OD8933631,Silver,364.79
1840,47452,IN,18093,Lawrence,13,35754TM6296100,Silver,371.19
1846,47452,IN,18093,Lawrence,13,08166UP5610437,Silver,375.18
1852,47452,IN,18093,Lawrence,13,74115DE3632908,Silver,379.49
1857,47452,IN,18093,Lawrence,13,85219WR0818602,Silver,380.62
1839,47452,IN,18093,Lawrence,13,04307VX0127352,Silver,381.94
1833,47452,IN,18093,Lawrence,13,02294ZI4903749,Silver,384.97
1850,47452,IN,18093,Lawrence,13,94062RB5318361,Silver,385.25
1858,47452,IN,18093,Lawrence,13,53738UW6883216,Silver,387.24
1835,47452,IN,18093,Lawrence,13,24812PB6161106,Silver,387.3
1845,47452,IN,18093,Lawrence,13,59596KT0280479,Silver,391.73
1841,47452,IN,18093,Lawrence,13,83858GT5983324,Silver,394.47
1855,47452,IN,18093,Lawrence,13,88349GZ7329663,Silver,394.54
1849,47452,IN,18093,Lawrence,13,42379UI0554900,Silver,395.65
1859,47452,IN,18093,Lawrence,13,65360JE1168373,Silver,401.39
1836,47452,IN,18093,Lawrence,13,35590ID4218563,Silver,402.6
1837,47452,IN,18093,Lawrence,13,73296TO9900588,Silver,404.04
1861,47452,IN,18093,Lawrence,13,49587CY0294865,Silver,408.66
1847,47452,IN,18093,Lawrence,13,87055DR9849843,Silver,418.74
1844,47452,IN,18093,Lawrence,13,97950LQ1541278,Silver,420.0
1831,47452,IN,18093,Lawrence,13,25125SG4272741,Silver,475.19
1830,47452,IN,18093,Lawrence,13,83290PG3226693,Silver,484.32
1874,47452,IN,18117,Orange,15,18921JQ6300327,Silver,262.0
1865,47452,IN,18117,Orange,15,12361DI2686257,Silver,266.6
1877,47452,IN,18117,Orange,15,96537CJ8015319,Silver,273.37
1863,47452,IN,18117,Orange,15,99519NU6607820,Silver,276.5
1882,47452,IN,18117,Orange,15,32083XB4366517,Silver,278.13
1885,47452,IN,18117,Orange,15,90367ZE7940404,Silver,278.17
1870,47452,IN,18117,Orange,15,87204DG0014037,Silver,281.35
1893,47452,IN,18117,Orange,15,02247EQ6579998,Silver,283.32
1889,47452,IN,18117,Orange,15,00063IR8016989,Silver,284.17
1891,47452,IN,18117,Orange,15,75041CS4144271,Silver,288.29
1876,47452,IN,18117,Orange,15,42486VR2091187,Silver,289.16
1879,47452,IN,18117,Orange,15,77582FU9748268,Silver,290.19
1868,47452,IN,18117,Orange,15,71211SE1081123,Silver,293.51
1871,47452,IN,18117,Orange,15,47794RC6028969,Silver,300.75
1862,47452,IN,18117,Orange,15,60036UN9232007,Silver,301.66
1888,47452,IN,18117,Orange,15,99234WK2179581,Silver,308.39
1864,47452,IN,18117,Orange,15,64379JV3533506,Silver,309.49
1866,47452,IN,18117,Orange,15,69875PB1227866,Silver,320.59
1883,47452,IN,18117,Orange,15,59948QU7967588,Silver,327.35
1867,47452,IN,18117,Orange,15,40230GP9457523,Silver,329.57
1881,47452,IN,18117,Orange,15,95603RC6448574,Silver,329.61
1886,47452,IN,18117,Orange,15,05030VG6133151,Silver,332.78
1892,47452,IN,18117,Orange,15,08769GM3107955,Silver,332.84
1890,47452,IN,18117,Orange,15,65380OJ5204494,Silver,333.1
1872,47452,IN,18117,Orange,15,02681XN7054204,Silver,334.54
1880,47452,IN,18117,Orange,15,00054WR0457043,Silver,357.44
1873,47452,IN,18117,Orange,15,73203IP1952093,Silver,375.02
1878,47452,IN,18117,Orange,15,42525LC1189031,Silver,375.18
1875,47452,IN,18117,Orange,15,68561EK5184802,Silver,377.43
1869,47452,IN,18117,Orange,15,51979DK6696842,Silver,380.7
1887,47452,IN,18117,Orange,15,65889NB9095825,Silver,496.48
1884,47452,IN,18117,Orange,15,60897PN4856494,Silver,506.03
1907,47452,IN,18175,Washington,16,49124YN3097040,Silver,192.46
1917,47452,IN,18175,Washington,16,67483NP0618073,Silver,195.84
1914,47452,IN,18175,Washington,16,94468VB3044123,Silver,200.81
1902,47452,IN,18175,Washington,16,70170GG9760079,Silver,203.11
1918,47452,IN,18175,Washington,16,60229BD0595624,Silver,204.31
1919,47452,IN,18175,Washington,16,09987UV0798763,Silver,204.34
1905,47452,IN,18175,Washington,16,22003XG6883588,Silver,206.67
1901,47452,IN,18175,Washington,16,75336LU2924139,Silver,208.12
1898,47452,IN,18175,Washington,16,16667ZL7512109,Silver,208.74
1900,47452,IN,18175,Washington,16,04208XV4983926,Silver,211.38
1910,47452,IN,18175,Washington,16,86728QS7996697,Silver,211.77
1912,47452,IN,18175,Washington,16,33025KC6205559,Silver,212.41
1903,47452,IN,18175,Washington,16,64772LC0341860,Silver,213.17
1909,47452,IN,18175,Washington,16,20981AN4129963,Silver,215.61
1913,47452,IN,18175,Washington,16,43471AH4309197,Silver,220.93
1922,47452,IN,18175,Washington,16,24686UD2514204,Silver,221.59
1915,47452,IN,18175,Washington,16,45335JQ5486926,Silver,225.0
1920,47452,IN,18175,Washington,16,00885HS8318079,Silver,252.23
1911,47452,IN,18175,Washington,16,32406QS2262194,Silver,267.74
1908,47452,IN,18175,Washington,16,30506KM2387975,Silver,272.24
1906,47452,IN,18175,Washington,16,93094VB8979704,Silver,273.61
1924,47452,IN,18175,Washington,16,67629GK2702033,Silver,274.66
1921,47452,IN,18175,Washington,16,26863KD1648634,Silver,282.35
1897,47452,IN,18175,Washington,16,37249TR0060995,Silver,285.1
1894,47452,IN,18175,Washington,16,34534WX5108520,Silver,285.18
1896,47452,IN,18175,Washington,16,42400GK2275775,Silver,285.37
1916,47452,IN,18175,Washington,16,49315QY3024700,Silver,299.33
1904,47452,IN,18175,Washington,16,38785CG3926669,Silver,338.09
1923,47452,IN,18175,Washington,16,72444YI3503149,Silver,391.37
1895,47452,IN,18175,Washington,16,48136VY7454198,Silver,394.54
1899,47452,IN,18175,Washington,16,34085MT9417698,Silver,398.91
526,67651,KS,20051,Ellis,4,35976IH4668621,Silver,217.35
527,67651,KS,20051,Ellis,4,82626SV0323601,Silver,249.44
531,67651,KS,20051,Ellis,4,21736XT0200785,Silver,249.45
532,67651,KS,20051,Ellis,4,42509QG7720724,Silver,253.01
524,67651,KS,20051,Ellis,4,98748LF6116928,Silver,253.54
525,67651,KS,20051,Ellis,4,68295HI3248307,Silver,259.0
530,67651,KS,20051,Ellis,4,24719EX4138560,Silver,259.58
522,67651,KS,20051,Ellis,4,88389ZW2160756,Silver,262.7
523,67651,KS,20051,Ellis,4,84770OL3017953,Silver,264.0
528,67651,KS,20051,Ellis,4,27729WC6678344,Silver,265.85
534,67651,KS,20051,Ellis,4,54908CF2882629,Silver,275.17
529,67651,KS,20051,Ellis,4,42527FR3313711,Silver,279.18
25,67118,KS,20077,Harper,6,87071UM2692556,Silver,195.46
18,67118,KS,20077,Harper,6,56834OY7425326,Silver,212.35
22,67118,KS,20077,Harper,6,26512SR1647736,Silver,218.83
13,67118,KS,20077,Harper,6,24136DT6341333,Silver,224.31
17,67118,KS,20077,Harper,6,28193UU0623361,Silver,227.52
24,67118,KS,20077,Harper,6,89637NG4020233,Silver,228.0
15,67118,KS,20077,Harper,6,22914KH3561750,Silver,232.91
16,67118,KS,20077,Harper,6,83438MQ6743054,Silver,236.24
14,67118,KS,20077,Harper,6,73933HS6388428,Silver,236.85
23,67118,KS,20077,Harper,6,69789JG3234541,Silver,237.4
21,67118,KS,20077,Harper,6,06681QF9151145,Silver,245.15
19,67118,KS,20077,Harper,6,02127DK3707648,Silver,251.06
864,48872,MI,26093,Livingston,4,56422NR9449999,Silver,258.64
900,48418,MI,26093,Livingston,4,56422NR9449999,Silver,258.64
866,48872,MI,26093,Livingston,4,50619CM6385544,Silver,269.0
902,48418,MI,26093,Livingston,4,50619CM6385544,Silver,269.0
854,48872,MI,26093,Livingston,4,76545LB0153042,Silver,282.04
890,48418,MI,26093,Livingston,4,76545LB0153042,Silver,282.04
843,48872,MI,26093,Livingston,4,15747EX5437737,Silver,285.24
879,48418,MI,26093,Livingston,4,15747EX5437737,Silver,285.24
853,48872,MI,26093,Livingston,4,69126YB8845203,Silver,291.64
889,48418,MI,26093,Livingston,4,69126YB8845203,Silver,291.64
867,48872,MI,26093,Livingston,4,18386IT0573828,Silver,293.35
903,48418,MI,26093,Livingston,4,18386IT0573828,Silver,293.35
847,48872,MI,26093,Livingston,4,19725VE7657596,Silver,296.26
883,48418,MI,26093,Livingston,4,19725VE7657596,Silver,296.26
868,48872,MI,26093,Livingston,4,31383DE4280951,Silver,296.85
904,48418,MI,26093,Livingston,4,31383DE4280951,Silver,296.85
846,48872,MI,26093,Livingston,4,99608GQ9520433,Silver,298.45
882,48418,MI,26093,Livingston,4,99608GQ9520433,Silver,298.45
861,48872,MI,26093,Livingston,4,80057HH0430280,Silver,301.98
897,48418,MI,26093,Livingston,4,80057HH0430280,Silver,301.98
865,48872,MI,26093,Livingston,4,00352FK4607915,Silver,303.43
901,48418,MI,26093,Livingston,4,00352FK4607915,Silver,303.43
859,48872,MI,26093,Livingston,4,40078DS0418350,Silver,305.23
895,48418,MI,26093,Livingston,4,40078DS0418350,Silver,305.23
862,48872,MI,26093,Livingston,4,04411TQ9959950,Silver,305.54
898,48418,MI,26093,Livingston,4,04411TQ9959950,Silver,305.54
872,48872,MI,26093,Livingston,4,18198WV1163731,Silver,306.23
908,48418,MI,26093,Livingston,4,18198WV1163731,Silver,306.23
871,48872,MI,26093,Livingston,4,86382HI9527231,Silver,311.95
907,48418,MI,26093,Livingston,4,86382HI9527231,Silver,311.95
860,48872,MI,26093,Livingston,4,21508FH9996626,Silver,314.36
896,48418,MI,26093,Livingston,4,21508FH9996626,Silver,314.36
852,48872,MI,26093,Livingston,4,19653JX6166289,Silver,322.89
888,48418,MI,26093,Livingston,4,19653JX6166289,Silver,322.89
849,48872,MI,26093,Livingston,4,56196DL2104877,Silver,325.55
885,48418,MI,26093,Livingston,4,56196DL2104877,Silver,325.55
856,48872,MI,26093,Livingston,4,54350MC3533750,Silver,328.84
892,48418,MI,26093,Livingston,4,54350MC3533750,Silver,328.84
858,48872,MI,26093,Livingston,4,15312FG1548691,Silver,329.95
894,48418,MI,26093,Livingston,4,15312FG1548691,Silver,329.95
841,48872,MI,26093,Livingston,4,82642YL8484677,Silver,332.47
877,48418,MI,26093,Livingston,4,82642YL8484677,Silver,332.47
845,48872,MI,26093,Livingston,4,81104JV2649790,Silver,332.79
881,48418,MI,26093,Livingston,4,81104JV2649790,Silver,332.79
844,48872,MI,26093,Livingston,4,80996XR8141240,Silver,335.16
880,48418,MI,26093,Livingston,4,80996XR8141240,Silver,335.16
857,48872,MI,26093,Livingston,4,96368SN0642710,Silver,335.41
893,48418,MI,26093,Livingston,4,96368SN0642710,Silver,335.41
874,48872,MI,26093,Livingston,4,64294FJ6502213,Silver,335.53
910,48418,MI,26093,Livingston,4,64294FJ6502213,Silver,335.53
851,48872,MI,26093,Livingston,4,23938FN8696979,Silver,337.53
887,48418,MI,26093,Livingston,4,23938FN8696979,Silver,337.53
869,48872,MI,26093,Livingston,4,30603HW7867446,Silver,339.67
905,48418,MI,26093,Livingston,4,30603HW7867446,Silver,339.67
870,48872,MI,26093,Livingston,4,30378IQ9696245,Silver,345.37
906,48418,MI,26093,Livingston,4,30378IQ9696245,Silver,345.37
842,48872,MI,26093,Livingston,4,32517OU1690961,Silver,346.5
878,48418,MI,26093,Livingston,4,32517OU1690961,Silver,346.5
855,48872,MI,26093,Livingston,4,92235TG2519451,Silver,346.82
891,48418,MI,26093,Livingston,4,92235TG2519451,Silver,346.82
848,48872,MI,26093,Livingston,4,98735PE1452271,Silver,357.9353688
884,48418,MI,26093,Livingston,4,98735PE1452271,Silver,357.9353688
873,48872,MI,26093,Livingston,4,53771RQ4020910,Silver,359.28
909,48418,MI,26093,Livingston,4,53771RQ4020910,Silver,359.28
840,48872,MI,26093,Livingston,4,66347PV5658737,Silver,361.0751527
876,48418,MI,26093,Livingston,4,66347PV5658737,Silver,361.0751527
850,48872,MI,26093,Livingston,4,73237OJ1060013,Silver,362.77
886,48418,MI,26093,Livingston,4,73237OJ1060013,Silver,362.77
935,48872,MI,26155,Shiawassee,5,09791KJ5366115,Silver,237.0
970,48435,MI,26087,Lapeer,5,09791KJ5366115,Silver,237.0
1005,48418,MI,26049,Genesee,5,09791KJ5366115,Silver,237.0
931,48872,MI,26155,Shiawassee,5,66903HL0389740,Silver,248.99
966,48435,MI,26087,Lapeer,5,66903HL0389740,Silver,248.99
1001,48418,MI,26049,Genesee,5,66903HL0389740,Silver,248.99
929,48872,MI,26155,Shiawassee,5,27434PN6832009,Silver,250.33
964,48435,MI,26087,Lapeer,5,27434PN6832009,Silver,250.33
999,48418,MI,26049,Genesee,5,27434PN6832009,Silver,250.33
937,48872,MI,26155,Shiawassee,5,83399HY9860418,Silver,256.28
972,48435,MI,26087,Lapeer,5,83399HY9860418,Silver,256.28
1007,48418,MI,26049,Genesee,5,83399HY9860418,Silver,256.28
936,48872,MI,26155,Shiawassee,5,07148FO6662367,Silver,256.86
971,48435,MI,26087,Lapeer,5,07148FO6662367,Silver,256.86
1006,48418,MI,26049,Genesee,5,07148FO6662367,Silver,256.86
923,48872,MI,26155,Shiawassee,5,95201MO0260660,Silver,257.36
958,48435,MI,26087,Lapeer,5,95201MO0260660,Silver,257.36
993,48418,MI,26049,Genesee,5,95201MO0260660,Silver,257.36
939,48872,MI,26155,Shiawassee,5,86279FL7486547,Silver,257.43
974,48435,MI,26087,Lapeer,5,86279FL7486547,Silver,257.43
1009,48418,MI,26049,Genesee,5,86279FL7486547,Silver,257.43
927,48872,MI,26155,Shiawassee,5,43129UY4737433,Silver,257.5
962,48435,MI,26087,Lapeer,5,43129UY4737433,Silver,257.5
997,48418,MI,26049,Genesee,5,43129UY4737433,Silver,257.5
945,48872,MI,26155,Shiawassee,5,36451ZY4839461,Silver,262.22
980,48435,MI,26087,Lapeer,5,36451ZY4839461,Silver,262.22
1015,48418,MI,26049,Genesee,5,36451ZY4839461,Silver,262.22
928,48872,MI,26155,Shiawassee,5,63061IO0741895,Silver,263.27
963,48435,MI,26087,Lapeer,5,63061IO0741895,Silver,263.27
998,48418,MI,26049,Genesee,5,63061IO0741895,Silver,263.27
934,48872,MI,26155,Shiawassee,5,52953DV9398037,Silver,263.48
969,48435,MI,26087,Lapeer,5,52953DV9398037,Silver,263.48
1004,48418,MI,26049,Genesee,5,52953DV9398037,Silver,263.48
920,48872,MI,26155,Shiawassee,5,86717QJ8175440,Silver,267.67
955,48435,MI,26087,Lapeer,5,86717QJ8175440,Silver,267.67
990,48418,MI,26049,Genesee,5,86717QJ8175440,Silver,267.67
916,48872,MI,26155,Shiawassee,5,27563HA6746672,Silver,270.83
951,48435,MI,26087,Lapeer,5,27563HA6746672,Silver,270.83
986,48418,MI,26049,Genesee,5,27563HA6746672,Silver,270.83
918,48872,MI,26155,Shiawassee,5,02416TM1509058,Silver,270.88
953,48435,MI,26087,Lapeer,5,02416TM1509058,Silver,270.88
988,48418,MI,26049,Genesee,5,02416TM1509058,Silver,270.88
925,48872,MI,26155,Shiawassee,5,04752SI3380623,Silver,280.64
960,48435,MI,26087,Lapeer,5,04752SI3380623,Silver,280.64
995,48418,MI,26049,Genesee,5,04752SI3380623,Silver,280.64
913,48872,MI,26155,Shiawassee,5,53074DQ0506080,Silver,283.12
948,48435,MI,26087,Lapeer,5,53074DQ0506080,Silver,283.12
983,48418,MI,26049,Genesee,5,53074DQ0506080,Silver,283.12
942,48872,MI,26155,Shiawassee,5,87612RN8266401,Silver,286.51
977,48435,MI,26087,Lapeer,5,87612RN8266401,Silver,286.51
1012,48418,MI,26049,Genesee,5,87612RN8266401,Silver,286.51
940,48872,MI,26155,Shiawassee,5,69441DF7072288,Silver,287.86
975,48435,MI,26087,Lapeer,5,69441DF7072288,Silver,287.86
1010,48418,MI,26049,Genesee,5,69441DF7072288,Silver,287.86
914,48872,MI,26155,Shiawassee,5,17703YO7942415,Silver,288.14
949,48435,MI,26087,Lapeer,5,17703YO7942415,Silver,288.14
984,48418,MI,26049,Genesee,5,17703YO7942415,Silver,288.14
922,48872,MI,26155,Shiawassee,5,27760VY1093522,Silver,291.89
957,48435,MI,26087,Lapeer,5,27760VY1093522,Silver,291.89
992,48418,MI,26049,Genesee,5,27760VY1093522,Silver,291.89
926,48872,MI,26155,Shiawassee,5,10599KS6854171,Silver,294.09
961,48435,MI,26087,Lapeer,5,10599KS6854171,Silver,294.09
996,48418,MI,26049,Genesee,5,10599KS6854171,Silver,294.09
921,48872,MI,26155,Shiawassee,5,71727VJ4421261,Silver,299.9
956,48435,MI,26087,Lapeer,5,71727VJ4421261,Silver,299.9
991,48418,MI,26049,Genesee,5,71727VJ4421261,Silver,299.9
938,48872,MI,26155,Shiawassee,5,77769MI9075200,Silver,302.89
973,48435,MI,26087,Lapeer,5,77769MI9075200,Silver,302.89
1008,48418,MI,26049,Genesee,5,77769MI9075200,Silver,302.89
946,48872,MI,26155,Shiawassee,5,50347NM2720302,Silver,305.81206160000005
981,48435,MI,26087,Lapeer,5,50347NM2720302,Silver,305.81206160000005
1016,48418,MI,26049,Genesee,5,50347NM2720302,Silver,305.81206160000005
930,48872,MI,26155,Shiawassee,5,07404GF8024258,Silver,308.4946236
965,48435,MI,26087,Lapeer,5,07404GF8024258,Silver,308.4946236
1000,48418,MI,26049,Genesee,5,07404GF8024258,Silver,308.4946236
912,48872,MI,26155,Shiawassee,5,83504GU5812189,Silver,312.79
947,48435,MI,26087,Lapeer,5,83504GU5812189,Silver,312.79
982,48418,MI,26049,Genesee,5,83504GU5812189,Silver,312.79
919,48872,MI,26155,Shiawassee,5,91794YY5356268,Silver,313.47
954,48435,MI,26087,Lapeer,5,91794YY5356268,Silver,313.47
989,48418,MI,26049,Genesee,5,91794YY5356268,Silver,313.47
944,48872,MI,26155,Shiawassee,5,83692CA5657772,Silver,314.09
979,48435,MI,26087,Lapeer,5,83692CA5657772,Silver,314.09
1014,48418,MI,26049,Genesee,5,83692CA5657772,Silver,314.09
932,48872,MI,26155,Shiawassee,5,64935UP5489420,Silver,319.49
967,48435,MI,26087,Lapeer,5,64935UP5489420,Silver,319.49
1002,48418,MI,26049,Genesee,5,64935UP5489420,Silver,319.49
924,48872,MI,26155,Shiawassee,5,64019XM0390509,Silver,320.06
959,48435,MI,26087,Lapeer,5,64019XM0390509,Silver,320.06
994,48418,MI,26049,Genesee,5,64019XM0390509,Silver,320.06
917,48872,MI,26155,Shiawassee,5,04333DX8199556,Silver,329.75
952,48435,MI,26087,Lapeer,5,04333DX8199556,Silver,329.75
987,48418,MI,26049,Genesee,5,04333DX8199556,Silver,329.75
941,48872,MI,26155,Shiawassee,5,33167GT1340826,Silver,340.98
976,48435,MI,26087,Lapeer,5,33167GT1340826,Silver,340.98
1011,48418,MI,26049,Genesee,5,33167GT1340826,Silver,340.98
915,48872,MI,26155,Shiawassee,5,34238XG2438762,Silver,353.23
950,48435,MI,26087,Lapeer,5,34238XG2438762,Silver,353.23
985,48418,MI,26049,Genesee,5,34238XG2438762,Silver,353.23
1252,48435,MI,26157,Tuscola,6,27224FD1554806,Silver,248.99
1243,48435,MI,26157,Tuscola,6,16770GJ2210277,Silver,250.33
1248,48435,MI,26157,Tuscola,6,32805KF1416981,Silver,256.28
1245,48435,MI,26157,Tuscola,6,93782HK0007122,Silver,256.86
1251,48435,MI,26157,Tuscola,6,54555RJ2847544,Silver,257.43
1235,48435,MI,26157,Tuscola,6,94107MI6501946,Silver,262.22
1242,48435,MI,26157,Tuscola,6,50581CN5325373,Silver,263.48
1233,48435,MI,26157,Tuscola,6,92862ZB7649650,Silver,270.83
1241,48435,MI,26157,Tuscola,6,74314VK9205064,Silver,270.88
1237,48435,MI,26157,Tuscola,6,39152LZ4455788,Silver,275.89
1244,48435,MI,26157,Tuscola,6,59900XB4449204,Silver,283.12
1236,48435,MI,26157,Tuscola,6,30856HO0227429,Silver,286.51
1250,48435,MI,26157,Tuscola,6,32809MM1343008,Silver,286.94
1257,48435,MI,26157,Tuscola,6,85922YF6414570,Silver,287.86
1253,48435,MI,26157,Tuscola,6,30766OT6149801,Silver,288.14
1240,48435,MI,26157,Tuscola,6,44131DF3692311,Silver,294.09
1238,48435,MI,26157,Tuscola,6,27652BG9776050,Silver,296.14
1239,48435,MI,26157,Tuscola,6,30589NN6488163,Silver,299.9
1234,48435,MI,26157,Tuscola,6,27758BC7364679,Silver,301.82
1256,48435,MI,26157,Tuscola,6,01504JT2231200,Silver,305.81206160000005
1254,48435,MI,26157,Tuscola,6,06721BC7001655,Silver,308.4946236
1246,48435,MI,26157,Tuscola,6,49327OG3830105,Silver,314.09
1232,48435,MI,26157,Tuscola,6,82206LV3597031,Silver,321.99
1247,48435,MI,26157,Tuscola,6,82251KJ9451220,Silver,331.75
1255,48435,MI,26157,Tuscola,6,78055VE0237509,Silver,343.04
1249,48435,MI,26157,Tuscola,6,00109NR7714034,Silver,355.36
825,48872,MI,26065,Ingham,7,80629BI1409853,Silver,269.67
834,48872,MI,26065,Ingham,7,77883BX6951070,Silver,280.47
837,48872,MI,26065,Ingham,7,60372EV2712232,Silver,289.06
815,48872,MI,26065,Ingham,7,78252SW6489851,Silver,294.07
819,48872,MI,26065,Ingham,7,88476WH6009661,Silver,295.28
828,48872,MI,26065,Ingham,7,82318SG5644546,Silver,296.87
836,48872,MI,26065,Ingham,7,66233OW1675603,Silver,303.94
821,48872,MI,26065,Ingham,7,61913JA4317695,Silver,304.62
827,48872,MI,26065,Ingham,7,21837HX2782940,Silver,305.86
817,48872,MI,26065,Ingham,7,67241CJ7614515,Silver,310.96
835,48872,MI,26065,Ingham,7,63818VM1790559,Silver,312.46
822,48872,MI,26065,Ingham,7,39143JM8355683,Silver,321.18
832,48872,MI,26065,Ingham,7,46361BS5979262,Silver,321.24
814,48872,MI,26065,Ingham,7,58842BD5565891,Silver,335.25
839,48872,MI,26065,Ingham,7,38644GW9550683,Silver,335.75
826,48872,MI,26065,Ingham,7,89766QG9402400,Silver,339.77
824,48872,MI,26065,Ingham,7,38290SB0285596,Silver,340.46
829,48872,MI,26065,Ingham,7,17644QM7295776,Silver,340.78
818,48872,MI,26065,Ingham,7,42862YO9062878,Silver,345.4
838,48872,MI,26065,Ingham,7,25112UP6116709,Silver,347.83
816,48872,MI,26065,Ingham,7,77711QU4989691,Silver,354.46
833,48872,MI,26065,Ingham,7,37342UX3791730,Silver,355.65
820,48872,MI,26065,Ingham,7,31014RH0828084,Silver,357.17
830,48872,MI,26065,Ingham,7,33777IY1983971,Silver,361.27
831,48872,MI,26065,Ingham,7,31419CT9828212,Silver,369.99
823,48872,MI,26065,Ingham,7,26772VE0173979,Silver,371.48
600,49448,MI,26121,Muskegon,12,95252MV3572719,Silver,213.09
583,49448,MI,26121,Muskegon,12,67382QD8007622,Silver,221.63
578,49448,MI,26121,Muskegon,12,05159EE7391146,Silver,225.81
601,49448,MI,26121,Muskegon,12,89500ZB5770125,Silver,255.31
595,49448,MI,26121,Muskegon,12,81658FO2903268,Silver,265.54
580,49448,MI,26121,Muskegon,12,39771YK5116142,Silver,266.27
590,49448,MI,26121,Muskegon,12,66868NS3918382,Silver,266.78
579,49448,MI,26121,Muskegon,12,81563VX1664500,Silver,267.7
586,49448,MI,26121,Muskegon,12,54299GC7555073,Silver,274.07
591,49448,MI,26121,Muskegon,12,00977SM4085758,Silver,274.68
582,49448,MI,26121,Muskegon,12,66355WO6437363,Silver,278.41
593,49448,MI,26121,Muskegon,12,80342EE1193070,Silver,280.41
587,49448,MI,26121,Muskegon,12,65357XG1798914,Silver,281.76
597,49448,MI,26121,Muskegon,12,47769SO9388022,Silver,289.56
606,49448,MI,26121,Muskegon,12,93820FQ9854163,Silver,289.62
584,49448,MI,26121,Muskegon,12,81297KB1988013,Silver,289.67
605,49448,MI,26121,Muskegon,12,79889NH8206981,Silver,302.75
603,49448,MI,26121,Muskegon,12,72208YU2916976,Silver,306.39
594,49448,MI,26121,Muskegon,12,52487FR7182288,Silver,315.38
581,49448,MI,26121,Muskegon,12,49048RW2609011,Silver,315.67
604,49448,MI,26121,Muskegon,12,82094PD6512786,Silver,317.79
592,49448,MI,26121,Muskegon,12,24833RH6578810,Silver,320.12
598,49448,MI,26121,Muskegon,12,60925GB1256771,Silver,320.71
599,49448,MI,26121,Muskegon,12,51052NV6915525,Silver,322.2
589,49448,MI,26121,Muskegon,12,03182WE7018224,Silver,326.28
588,49448,MI,26121,Muskegon,12,19775PG5713333,Silver,327.42
585,49448,MI,26121,Muskegon,12,63255IY7730984,Silver,338.56
596,49448,MI,26121,Muskegon,12,73604MR9888874,Silver,344.11
602,49448,MI,26121,Muskegon,12,39011EW0862980,Silver,350.72
1490,63359,MO,29163,Pike,2,02222NT1714830,Silver,354.49
1489,63359,MO,29163,Pike,2,71184UR0111255,Silver,383.31
1484,63359,MO,29163,Pike,2,98642CF2178853,Silver,383.71
1486,63359,MO,29163,Pike,2,18413ME9593743,Silver,383.86
1487,63359,MO,29163,Pike,2,39170WQ8615478,Silver,385.64
1488,63359,MO,29163,Pike,2,10095ED9559096,Silver,411.1
1485,63359,MO,29163,Pike,2,97848ED6997904,Silver,443.58
1,64148,MO,29095,Jackson,3,35866RG6997149,Silver,234.6
6,64148,MO,29095,Jackson,3,02345TB1383341,Silver,245.2
3,64148,MO,29095,Jackson,3,53546TY7687603,Silver,251.08
8,64148,MO,29095,Jackson,3,57237RP9645446,Silver,253.65
7,64148,MO,29095,Jackson,3,40205HK1927400,Silver,265.25
2,64148,MO,29095,Jackson,3,28850TB6621800,Silver,265.82
10,64148,MO,29095,Jackson,3,43868JA2737085,Silver,271.64
0,64148,MO,29095,Jackson,3,78421VV7272023,Silver,290.05
11,64148,MO,29095,Jackson,3,44945VH6426537,Silver,298.87
5,64148,MO,29095,Jackson,3,03665WJ8941702,Silver,312.06
9,64148,MO,29095,Jackson,3,64618UJ3132146,Silver,319.57
12,64148,MO,29095,Jackson,3,39063JC7040427,Silver,341.24
4,64148,MO,29095,Jackson,3,26631YR3384683,Silver,351.6
1450,63359,MO,29007,Audrain,5,98991NX8275772,Silver,294.08
1444,63359,MO,29007,Audrain,5,10537MB7049761,Silver,301.87
1448,63359,MO,29007,Audrain,5,82643ZC1726811,Silver,302.31
1442,63359,MO,29007,Audrain,5,66328WW8711210,Silver,305.26
1449,63359,MO,29007,Audrain,5,01576WR8251558,Silver,305.55
1440,63359,MO,29007,Audrain,5,42632GP1338806,Silver,325.71
1441,63359,MO,29007,Audrain,5,97792GH3949680,Silver,333.99
1446,63359,MO,29007,Audrain,5,03378BD2645512,Silver,354.77
1439,63359,MO,29007,Audrain,5,92264NN0096790,Silver,361.15
1445,63359,MO,29007,Audrain,5,97622EJ8546938,Silver,361.54
1447,63359,MO,29007,Audrain,5,34891YG3032593,Silver,361.68
1443,63359,MO,29007,Audrain,5,30675IS8399342,Silver,363.35
1451,63359,MO,29007,Audrain,5,87443IU8388368,Silver,382.79
1466,63359,MO,29113,Lincoln,6,16166AN0216191,Silver,245.3
1475,63359,MO,29113,Lincoln,6,13137RQ2501063,Silver,269.11
1468,63359,MO,29113,Lincoln,6,41235RU1831212,Silver,273.93
1477,63359,MO,29113,Lincoln,6,76149TC4061727,Silver,276.55
1470,63359,MO,29113,Lincoln,6,58259NX3087388,Silver,281.53
1482,63359,MO,29113,Lincoln,6,40897NV2876122,Silver,283.96
1469,63359,MO,29113,Lincoln,6,35329UJ6012029,Silver,284.29
1479,63359,MO,29113,Lincoln,6,04368EL1950754,Silver,287.06
1472,63359,MO,29113,Lincoln,6,72125DI2154449,Silver,287.33
1473,63359,MO,29113,Lincoln,6,66951KE0853160,Silver,295.56
1474,63359,MO,29113,Lincoln,6,01217QF6205398,Silver,297.44
1467,63359,MO,29113,Lincoln,6,06956CJ3239649,Silver,298.46
1465,63359,MO,29113,Lincoln,6,77007VG5883053,Silver,304.42
1476,63359,MO,29113,Lincoln,6,18786LD9179553,Silver,304.75
1471,63359,MO,29113,Lincoln,6,88415HR2514600,Silver,304.87
1480,63359,MO,29113,Lincoln,6,06533RV4830859,Silver,306.28
1483,63359,MO,29113,Lincoln,6,01937JT6814958,Silver,316.79
1478,63359,MO,29113,Lincoln,6,30595JF5354857,Silver,321.93
1481,63359,MO,29113,Lincoln,6,00372CZ1743381,Silver,347.36
1359,38849,MS,28057,Itawamba,2,35170VH9871703,Silver,280.22
1361,38849,MS,28057,Itawamba,2,21232EY1665011,Silver,285.69
1356,38849,MS,28057,Itawamba,2,41073GH7122032,Silver,299.31
1362,38849,MS,28057,Itawamba,2,35956PU2160577,Silver,301.95
1357,38849,MS,28057,Itawamba,2,54852VC6152655,Silver,307.85
1355,38849,MS,28057,Itawamba,2,68181CJ0312298,Silver,322.52
1360,38849,MS,28057,Itawamba,2,41245QR2110294,Silver,323.24
1358,38849,MS,28057,Itawamba,2,25572GX5458518,Silver,341.02
1363,38849,MS,28057,Itawamba,2,63222ZI9401012,Silver,342.96
1354,38849,MS,28057,Itawamba,2,72955QE2017925,Silver,349.43
1390,39745,MS,28007,Attala,6,33135EU5643136,Silver,260.63
1394,39745,MS,28007,Attala,6,79242HX3518828,Silver,265.73
1389,39745,MS,28007,Attala,6,14746NT8595002,Silver,278.39
1385,39745,MS,28007,Attala,6,94165FW5952522,Silver,280.85
1391,39745,MS,28007,Attala,6,45735RP7430762,Silver,286.34
1386,39745,MS,28007,Attala,6,11842CF4308368,Silver,286.37
1396,39745,MS,28007,Attala,6,65117UB3913950,Silver,299.98
1384,39745,MS,28007,Attala,6,37631GT9228946,Silver,302.12
1392,39745,MS,28007,Attala,6,20362LR3920966,Silver,303.84
1387,39745,MS,28007,Attala,6,09899XL3856768,Silver,306.47
1395,39745,MS,28007,Attala,6,93559FJ2821751,Silver,309.57
1393,39745,MS,28007,Attala,6,72294OG4466718,Silver,359.71
1388,39745,MS,28007,Attala,6,38755IE9848569,Silver,387.49
643,27702,NC,37063,Durham,11,46895WR0825965,Silver,274.83
637,27702,NC,37063,Durham,11,66553CJ7484637,Silver,283.08
645,27702,NC,37063,Durham,11,10888FN7718677,Silver,285.3
649,27702,NC,37063,Durham,11,00596VK3123675,Silver,298.94
651,27702,NC,37063,Durham,11,58385WE5167078,Silver,303.94
650,27702,NC,37063,Durham,11,36255QT0802027,Silver,307.13
639,27702,NC,37063,Durham,11,89721UX9911086,Silver,309.02
648,27702,NC,37063,Durham,11,56157ER2826239,Silver,315.24
642,27702,NC,37063,Durham,11,36600EG8300858,Silver,316.95
647,27702,NC,37063,Durham,11,21587YL6016377,Silver,335.64
652,27702,NC,37063,Durham,11,18214WJ2887987,Silver,340.94
641,27702,NC,37063,Durham,11,85065UT1828439,Silver,348.87
636,27702,NC,37063,Durham,11,34909VO1761164,Silver,357.56
640,27702,NC,37063,Durham,11,92809PF7073565,Silver,361.33
638,27702,NC,37063,Durham,11,74298XR7574884,Silver,363.55
646,27702,NC,37063,Durham,11,96609YR7878256,Silver,388.86
644,27702,NC,37063,Durham,11,97188GP0376108,Silver,410.43
1619,28411,NC,37129,New Hanover,15,29100PX8919485,Silver,288.65
1622,28411,NC,37129,New Hanover,15,94500YV0961750,Silver,307.51
1621,28411,NC,37129,New Hanover,15,52080XP1633929,Silver,310.74
1618,28411,NC,37129,New Hanover,15,42746CW3861971,Silver,312.65
1627,28411,NC,37129,New Hanover,15,40170GL0002990,Silver,315.42
1617,28411,NC,37129,New Hanover,15,85418DU8616473,Silver,332.62
1624,28411,NC,37129,New Hanover,15,27300GS6279721,Silver,334.43
1628,28411,NC,37129,New Hanover,15,24236YA7988074,Silver,335.64
1625,28411,NC,37129,New Hanover,15,13424ED6961586,Silver,348.19
1620,28411,NC,37129,New Hanover,15,31907NI8891138,Silver,352.97
1623,28411,NC,37129,New Hanover,15,52250YX7518553,Silver,357.56
1629,28411,NC,37129,New Hanover,15,03532BA0171558,Silver,361.33
1626,28411,NC,37129,New Hanover,15,64986UB6963607,Silver,363.55
1630,28411,NC,37129,New Hanover,15,01129AQ2002208,Silver,388.86
1631,28411,NC,37129,New Hanover,15,46203YY6960617,Silver,410.43
1335,58703,ND,38101,Ward,4,57908GI3333344,Silver,289.74
1337,58703,ND,38101,Ward,4,85585YO1256256,Silver,297.93
1340,58703,ND,38101,Ward,4,81078XV1698716,Silver,302.28
1339,58703,ND,38101,Ward,4,33407IX1952304,Silver,313.24
1333,58703,ND,38101,Ward,4,54759ML4600215,Silver,314.78
1336,58703,ND,38101,Ward,4,15153YM4047669,Silver,315.23
1334,58703,ND,38101,Ward,4,47688IN3935913,Silver,318.27
1332,58703,ND,38101,Ward,4,22182GL7685280,Silver,326.65
1338,58703,ND,38101,Ward,4,09178ES7259835,Silver,335.34
1427,3299,NH,33001,Belknap,1,93291DK7090714,Silver,231.84
1436,3299,NH,33001,Belknap,1,88271LM1560583,Silver,240.45
1426,3299,NH,33001,Belknap,1,64403LF4998307,Silver,276.49
1432,3299,NH,33001,Belknap,1,35010ZS0417494,Silver,287.8
1434,3299,NH,33001,Belknap,1,15956TI5558760,Silver,288.32
1424,3299,NH,33001,Belknap,1,91686UL0803974,Silver,289.53
1435,3299,NH,33001,Belknap,1,34564IW0828054,Silver,297.81
1428,3299,NH,33001,Belknap,1,35559CW6344047,Silver,303.5
1425,3299,NH,33001,Belknap,1,48121YM5920829,Silver,314.01
1429,3299,NH,33001,Belknap,1,82904LU3844189,Silver,316.36
1431,3299,NH,33001,Belknap,1,10132EV2388779,Silver,328.03
1433,3299,NH,33001,Belknap,1,27264CL7363921,Silver,329.19
1423,3299,NH,33001,Belknap,1,08557RZ9898006,Silver,343.33
1430,3299,NH,33001,Belknap,1,59402YU7741856,Silver,350.63
1438,3299,NH,33001,Belknap,1,05964KN7895676,Silver,462.45
1437,3299,NH,33001,Belknap,1,29626BK6609403,Silver,471.15
1071,43343,OH,39021,Champaign,3,35665SO5292993,Silver,245.96
1057,43343,OH,39021,Champaign,3,20508SH5699234,Silver,260.94
1088,43343,OH,39021,Champaign,3,09400EN9996521,Silver,267.27
1055,43343,OH,39021,Champaign,3,44236RU5249342,Silver,268.83
1083,43343,OH,39021,Champaign,3,21336EK6965569,Silver,272.62
1079,43343,OH,39021,Champaign,3,10677LB2799593,Silver,278.25
1081,43343,OH,39021,Champaign,3,78433QU3908799,Silver,280.74
1072,43343,OH,39021,Champaign,3,58539NQ3399124,Silver,286.23
1053,43343,OH,39021,Champaign,3,57339YF0127789,Silver,286.83
1075,43343,OH,39021,Champaign,3,64902CW0746537,Silver,288.89
1073,43343,OH,39021,Champaign,3,95081LJ3468920,Silver,292.15
1062,43343,OH,39021,Champaign,3,11804MN4602092,Silver,292.75
1089,43343,OH,39021,Champaign,3,97113NG3165415,Silver,293.33
1059,43343,OH,39021,Champaign,3,69778OW4888248,Silver,296.0
1061,43343,OH,39021,Champaign,3,24258SM2740340,Silver,299.14
1060,43343,OH,39021,Champaign,3,49214MS5374982,Silver,301.5
1082,43343,OH,39021,Champaign,3,85702QA4554928,Silver,302.12
1052,43343,OH,39021,Champaign,3,07889ER9201272,Silver,303.32
1063,43343,OH,39021,Champaign,3,32572LY4408579,Silver,303.63
1058,43343,OH,39021,Champaign,3,41160CF3478383,Silver,303.95
1065,43343,OH,39021,Champaign,3,61378YE1423907,Silver,304.69
1084,43343,OH,39021,Champaign,3,78646HI4664013,Silver,313.67
1069,43343,OH,39021,Champaign,3,65920US8246423,Silver,314.07
1087,43343,OH,39021,Champaign,3,91454YR6879036,Silver,322.85
1070,43343,OH,39021,Champaign,3,40281UC4169833,Silver,324.3
1064,43343,OH,39021,Champaign,3,65906QK9446927,Silver,325.8
1077,43343,OH,39021,Champaign,3,03173YM2800939,Silver,330.96
1054,43343,OH,39021,Champaign,3,16575PV1862938,Silver,338.01
1085,43343,OH,39021,Champaign,3,32636JX2835090,Silver,340.74
1066,43343,OH,39021,Champaign,3,91683NR1168457,Silver,340.85
1086,43343,OH,39021,Champaign,3,98399GT1495262,Silver,340.91
1078,43343,OH,39021,Champaign,3,22625HY5046789,Silver,342.11
1067,43343,OH,39021,Champaign,3,20693CA0395434,Silver,343.93
1056,43343,OH,39021,Champaign,3,28261LS1852188,Silver,355.83
1076,43343,OH,39021,Champaign,3,77459YU0153329,Silver,363.1
1068,43343,OH,39021,Champaign,3,96484RH9469577,Silver,477.57
1090,43343,OH,39021,Champaign,3,21092WS8430216,Silver,486.75
1146,43343,OH,39091,Logan,9,41444OT8604886,Silver,237.91
1157,43343,OH,39091,Logan,9,42214JW0690035,Silver,259.82
1131,43343,OH,39091,Logan,9,90910WY0074278,Silver,275.11
1149,43343,OH,39091,Logan,9,80685MB3023884,Silver,282.33
1134,43343,OH,39091,Logan,9,20450XB5501950,Silver,284.55
1156,43343,OH,39091,Logan,9,32793VR0149623,Silver,295.88
1137,43343,OH,39091,Logan,9,27137CL7316603,Silver,299.14
1140,43343,OH,39091,Logan,9,16851JI9861430,Silver,315.19
1138,43343,OH,39091,Logan,9,81495RC5105351,Silver,322.85
1151,43343,OH,39091,Logan,9,95211SI3365690,Silver,325.8
1141,43343,OH,39091,Logan,9,78141OW4903104,Silver,333.33
1135,43343,OH,39091,Logan,9,20806YV5525453,Silver,342.69
1152,43343,OH,39091,Logan,9,93809HB0163301,Silver,344.18
1147,43343,OH,39091,Logan,9,11423HI5999146,Silver,351.26
1142,43343,OH,39091,Logan,9,42800GI1551875,Silver,354.56
1136,43343,OH,39091,Logan,9,07318HK9524160,Silver,356.75
1139,43343,OH,39091,Logan,9,60824ED4531693,Silver,358.75
1132,43343,OH,39091,Logan,9,98698UJ9134637,Silver,361.65
1130,43343,OH,39091,Logan,9,53109XY2918610,Silver,361.81
1154,43343,OH,39091,Logan,9,40825HX3670813,Silver,363.1
1150,43343,OH,39091,Logan,9,28263TD7184808,Silver,366.74
1143,43343,OH,39091,Logan,9,74470IC8455984,Silver,370.3
1145,43343,OH,39091,Logan,9,04242HW0319898,Silver,370.66
1155,43343,OH,39091,Logan,9,69221NN1980536,Silver,371.73
1133,43343,OH,39091,Logan,9,02915WR2248928,Silver,424.51
1144,43343,OH,39091,Logan,9,73732FA0653433,Silver,432.66
78,18229,PA,42025,Carbon,3,94644XO2678719,Silver,217.98
71,18229,PA,42025,Carbon,3,93724CE4808074,Silver,231.48
72,18229,PA,42025,Carbon,3,45925WT5683856,Silver,234.65
81,18229,PA,42025,Carbon,3,00239FS0929477,Silver,240.63
76,18229,PA,42025,Carbon,3,11755PT0774844,Silver,245.35
79,18229,PA,42025,Carbon,3,29101FC5795851,Silver,249.38
69,18229,PA,42025,Carbon,3,35867XN7286040,Silver,256.38
80,18229,PA,42025,Carbon,3,98645ZI5261986,Silver,256.63
75,18229,PA,42025,Carbon,3,67855PM3488211,Silver,306.79
73,18229,PA,42025,Carbon,3,70034CD0862834,Silver,317.28
82,18229,PA,42025,Carbon,3,06229ED3646470,Silver,324.17
74,18229,PA,42025,Carbon,3,02162HQ0073027,Silver,332.71
77,18229,PA,42025,Carbon,3,51248FI2023766,Silver,383.23
70,18229,PA,42025,Carbon,3,21877GT0347352,Silver,390.55
1553,15935,PA,42111,Somerset,5,98041IU0214268,Silver,183.94
1557,15935,PA,42111,Somerset,5,63871WY2062466,Silver,184.97
1566,15935,PA,42111,Somerset,5,85101TI1519153,Silver,186.27
1564,15935,PA,42111,Somerset,5,32776JV7516865,Silver,186.53
1561,15935,PA,42111,Somerset,5,89841MN5291695,Silver,193.62
1570,15935,PA,42111,Somerset,5,49967JJ7227666,Silver,194.7
1562,15935,PA,42111,Somerset,5,79028TB0322162,Silver,196.08
1574,15935,PA,42111,Somerset,5,45452DL9351801,Silver,196.35
1571,15935,PA,42111,Somerset,5,74626IR2675994,Silver,200.58
1567,15935,PA,42111,Somerset,5,74881RR8275513,Silver,203.32
1550,15935,PA,42111,Somerset,5,29527FX6801086,Silver,203.73
1549,15935,PA,42111,Somerset,5,97483XF8794313,Silver,214.65
1551,15935,PA,42111,Somerset,5,15861PX8299124,Silver,220.34
1548,15935,PA,42111,Somerset,5,73005GM7955897,Silver,222.67
1573,15935,PA,42111,Somerset,5,31834GL2231667,Silver,223.91
1559,15935,PA,42111,Somerset,5,06811XC2071595,Silver,225.48
1554,15935,PA,42111,Somerset,5,10782WT8668779,Silver,225.81
1552,15935,PA,42111,Somerset,5,14405LV7378252,Silver,229.05
1556,15935,PA,42111,Somerset,5,25647BZ7306630,Silver,237.38
1560,15935,PA,42111,Somerset,5,84578XJ8458524,Silver,244.04
1572,15935,PA,42111,Somerset,5,44620TR6081518,Silver,244.28
1546,15935,PA,42111,Somerset,5,15058YP8501477,Silver,249.85
1568,15935,PA,42111,Somerset,5,00583GI9250465,Silver,262.0
1545,15935,PA,42111,Somerset,5,52890CP9247848,Silver,264.46
1575,15935,PA,42111,Somerset,5,59900XO6655510,Silver,269.16
1577,15935,PA,42111,Somerset,5,39326NQ1388391,Silver,269.43
1563,15935,PA,42111,Somerset,5,66032YH9386131,Silver,295.75
1555,15935,PA,42111,Somerset,5,86563XH5395731,Silver,301.39
1648,37333,TN,47139,Polk,3,76062YL4651673,Silver,210.66
1658,37333,TN,47139,Polk,3,39608QX8222555,Silver,219.29
1674,37333,TN,47139,Polk,3,39713VT2106867,Silver,219.9
1675,37333,TN,47139,Polk,3,76223EF5822399,Silver,220.51
1663,37333,TN,47139,Polk,3,15339BU8072238,Silver,227.64
1654,37333,TN,47139,Polk,3,51491YH4616306,Silver,234.06
1651,37333,TN,47139,Polk,3,30440QN2065988,Silver,238.01
1665,37333,TN,47139,Polk,3,97984GR4198357,Silver,238.44
1652,37333,TN,47139,Polk,3,02688QC4731200,Silver,243.66
1667,37333,TN,47139,Polk,3,27578QM1345078,Silver,244.33
1647,37333,TN,47139,Polk,3,63839EO5069248,Silver,245.01
1660,37333,TN,47139,Polk,3,27588XQ2334080,Silver,247.23
1662,37333,TN,47139,Polk,3,65813UF3489327,Silver,251.81
1673,37333,TN,47139,Polk,3,40551JB9223348,Silver,252.93
1657,37333,TN,47139,Polk,3,81527CQ4441459,Silver,256.07
1672,37333,TN,47139,Polk,3,39780GN1439900,Silver,264.46
1666,37333,TN,47139,Polk,3,60244CI1278128,Silver,264.93
1649,37333,TN,47139,Polk,3,45653DW5442314,Silver,269.6
1656,37333,TN,47139,Polk,3,01767TL2343951,Silver,272.73
1661,37333,TN,47139,Polk,3,50422VQ2927262,Silver,274.7
1670,37333,TN,47139,Polk,3,78063TF1736546,Silver,279.79
1650,37333,TN,47139,Polk,3,39378CZ6617827,Silver,284.52
1655,37333,TN,47139,Polk,3,45551BW5281770,Silver,299.55
1668,37333,TN,47139,Polk,3,18365KH3031405,Silver,303.9
1676,37333,TN,47139,Polk,3,95928CW7446006,Silver,305.57
1664,37333,TN,47139,Polk,3,01051CK7726813,Silver,309.61
1659,37333,TN,47139,Polk,3,51484ST0219593,Silver,313.17
1653,37333,TN,47139,Polk,3,74531XO4419221,Silver,318.47
1669,37333,TN,47139,Polk,3,65281MG0923610,Silver,357.08
1671,37333,TN,47139,Polk,3,68434OW5511533,Silver,363.97
99,79168,TX,48375,Potter,2,31650LV7926947,Silver,240.94
101,79168,TX,48375,Potter,2,87107DV4342614,Silver,243.68
102,79168,TX,48375,Potter,2,34083DG3511682,Silver,250.87
96,79168,TX,48375,Potter,2,01715OX0412938,Silver,297.7
104,79168,TX,48375,Potter,2,88443NZ0853233,Silver,306.52
97,79168,TX,48375,Potter,2,78561VO1607573,Silver,309.88
100,79168,TX,48375,Potter,2,40365RR9726734,Silver,319.89
98,79168,TX,48375,Potter,2,09315FF1120922,Silver,373.24
103,79168,TX,48375,Potter,2,42211IV7556839,Silver,380.14
1158,77052,TX,48201,Harris,10,09298FG9221031,Silver,241.72
1190,77586,TX,48201,Harris,10,09298FG9221031,Silver,241.72
1162,77052,TX,48201,Harris,10,80408BQ5060254,Silver,243.72
1194,77586,TX,48201,Harris,10,80408BQ5060254,Silver,243.72
1172,77052,TX,48201,Harris,10,66816GR2664792,Silver,244.01
1204,77586,TX,48201,Harris,10,66816GR2664792,Silver,244.01
1181,77052,TX,48201,Harris,10,69299MQ2459046,Silver,249.18
1213,77586,TX,48201,Harris,10,69299MQ2459046,Silver,249.18
1187,77052,TX,48201,Harris,10,76210TD5144977,Silver,253.56
1219,77586,TX,48201,Harris,10,76210TD5144977,Silver,253.56
1180,77052,TX,48201,Harris,10,75747CU4552121,Silver,253.77
1212,77586,TX,48201,Harris,10,75747CU4552121,Silver,253.77
1188,77052,TX,48201,Harris,10,84088LK7727376,Silver,256.95
1220,77586,TX,48201,Harris,10,84088LK7727376,Silver,256.95
1167,77052,TX,48201,Harris,10,35191VN0900331,Silver,260.59
1199,77586,TX,48201,Harris,10,35191VN0900331,Silver,260.59
1178,77052,TX,48201,Harris,10,01218QT3481990,Silver,260.89
1210,77586,TX,48201,Harris,10,01218QT3481990,Silver,260.89
1165,77052,TX,48201,Harris,10,93546GC0498765,Silver,264.15
1197,77586,TX,48201,Harris,10,93546GC0498765,Silver,264.15
1183,77052,TX,48201,Harris,10,09144QJ6474865,Silver,266.72
1215,77586,TX,48201,Harris,10,09144QJ6474865,Silver,266.72
1184,77052,TX,48201,Harris,10,56677GB9981001,Silver,266.97
1216,77586,TX,48201,Harris,10,56677GB9981001,Silver,266.97
1168,77052,TX,48201,Harris,10,69466JX4736394,Silver,267.74
1200,77586,TX,48201,Harris,10,69466JX4736394,Silver,267.74
1169,77052,TX,48201,Harris,10,21799GX2877461,Silver,273.77
1201,77586,TX,48201,Harris,10,21799GX2877461,Silver,273.77
1176,77052,TX,48201,Harris,10,47781NF2908229,Silver,286.62
1208,77586,TX,48201,Harris,10,47781NF2908229,Silver,286.62
1160,77052,TX,48201,Harris,10,84566HV8720053,Silver,318.99
1192,77586,TX,48201,Harris,10,84566HV8720053,Silver,318.99
1163,77052,TX,48201,Harris,10,84147TN9466598,Silver,326.2
1195,77586,TX,48201,Harris,10,84147TN9466598,Silver,326.2
1166,77052,TX,48201,Harris,10,55137BE4637668,Silver,327.28
1198,77586,TX,48201,Harris,10,55137BE4637668,Silver,327.28
1170,77052,TX,48201,Harris,10,77872KD6488152,Silver,329.9
1202,77586,TX,48201,Harris,10,77872KD6488152,Silver,329.9
1171,77052,TX,48201,Harris,10,45147YL5402745,Silver,330.65
1203,77586,TX,48201,Harris,10,45147YL5402745,Silver,330.65
1179,77052,TX,48201,Harris,10,08081DO1628490,Silver,331.8
1211,77586,TX,48201,Harris,10,08081DO1628490,Silver,331.8
1189,77052,TX,48201,Harris,10,68931VP5520954,Silver,333.86
1221,77586,TX,48201,Harris,10,68931VP5520954,Silver,333.86
1161,77052,TX,48201,Harris,10,44723LC9648531,Silver,337.59
1193,77586,TX,48201,Harris,10,44723LC9648531,Silver,337.59
1173,77052,TX,48201,Harris,10,19555UD3410596,Silver,339.68
1205,77586,TX,48201,Harris,10,19555UD3410596,Silver,339.68
1185,77052,TX,48201,Harris,10,58288HN6311051,Silver,339.82
1217,77586,TX,48201,Harris,10,58288HN6311051,Silver,339.82
1177,77052,TX,48201,Harris,10,36859IU1442420,Silver,343.4
1209,77586,TX,48201,Harris,10,36859IU1442420,Silver,343.4
1164,77052,TX,48201,Harris,10,62171EX9518059,Silver,348.67
1196,77586,TX,48201,Harris,10,62171EX9518059,Silver,348.67
1186,77052,TX,48201,Harris,10,73910MC6667275,Silver,354.49
1218,77586,TX,48201,Harris,10,73910MC6667275,Silver,354.49
1182,77052,TX,48201,Harris,10,40983RD3796721,Silver,371.6
1214,77586,TX,48201,Harris,10,40983RD3796721,Silver,371.6
1174,77052,TX,48201,Harris,10,97133FZ2490215,Silver,421.15
1206,77586,TX,48201,Harris,10,97133FZ2490215,Silver,421.15
1159,77052,TX,48201,Harris,10,89339GM5957832,Silver,428.95
1191,77586,TX,48201,Harris,10,89339GM5957832,Silver,428.95
1718,75939,TX,48373,Polk,26,88677JT9362411,Silver,232.3
1708,75939,TX,48373,Polk,26,08907AC9645300,Silver,234.5
1703,75939,TX,48373,Polk,26,55400BN3588406,Silver,241.76
1695,75939,TX,48373,Polk,26,90120LX3301910,Silver,244.01
1681,75939,TX,48373,Polk,26,64303CP1823349,Silver,249.18
1715,75939,TX,48373,Polk,26,23851GT7718743,Silver,251.01
1723,75939,TX,48373,Polk,26,02124KJ1442817,Silver,251.72
1724,75939,TX,48373,Polk,26,04589DC4974799,Silver,253.43
1719,75939,TX,48373,Polk,26,55284FC8161982,Silver,253.56
1704,75939,TX,48373,Polk,26,24616SU7072206,Silver,254.14
1696,75939,TX,48373,Polk,26,87846KN7635483,Silver,256.5
1679,75939,TX,48373,Polk,26,10833KY2597378,Silver,257.51
1716,75939,TX,48373,Polk,26,94110GR2906581,Silver,259.25
1722,75939,TX,48373,Polk,26,69500LU9922437,Silver,266.95
1707,75939,TX,48373,Polk,26,82800DT4242490,Silver,268.88
1720,75939,TX,48373,Polk,26,71803CM0359289,Silver,273.07
1683,75939,TX,48373,Polk,26,68567HV9413279,Silver,273.77
1712,75939,TX,48373,Polk,26,80921ZD8229882,Silver,274.31
1678,75939,TX,48373,Polk,26,29929UU5534728,Silver,275.04
1684,75939,TX,48373,Polk,26,94589WU2443380,Silver,275.77
1693,75939,TX,48373,Polk,26,42082XJ5801759,Silver,277.43
1725,75939,TX,48373,Polk,26,81814AJ1027918,Silver,281.55
1711,75939,TX,48373,Polk,26,24437ES2485528,Silver,282.1
1710,75939,TX,48373,Polk,26,13884UH2039527,Silver,283.79
1680,75939,TX,48373,Polk,26,55081ZD5206329,Silver,286.37
1687,75939,TX,48373,Polk,26,60301JG6339175,Silver,288.93
1697,75939,TX,48373,Polk,26,55941NJ5126669,Silver,291.02
1698,75939,TX,48373,Polk,26,89197QE2974828,Silver,298.48
1706,75939,TX,48373,Polk,26,24994MK4720957,Silver,300.27
1699,75939,TX,48373,Polk,26,46862TJ1274581,Silver,309.14
1677,75939,TX,48373,Polk,26,53636XP0392084,Silver,315.33
1700,75939,TX,48373,Polk,26,29197TB1133069,Silver,318.31
1701,75939,TX,48373,Polk,26,89207VT3671046,Silver,321.79
1714,75939,TX,48373,Polk,26,76160SC0849867,Silver,332.19
1692,75939,TX,48373,Polk,26,51577XK4148933,Silver,332.86
1705,75939,TX,48373,Polk,26,25642RH1335787,Silver,338.56
1702,75939,TX,48373,Polk,26,14312VP8970347,Silver,345.1
1721,75939,TX,48373,Polk,26,93604MT5129968,Silver,349.29
1685,75939,TX,48373,Polk,26,19103WF9350518,Silver,367.66
1709,75939,TX,48373,Polk,26,67617VD5831170,Silver,369.19
1694,75939,TX,48373,Polk,26,66727FA3310135,Silver,370.89
1690,75939,TX,48373,Polk,26,19224OG3384180,Silver,372.1
1689,75939,TX,48373,Polk,26,20901BJ8310135,Silver,372.79
1682,75939,TX,48373,Polk,26,14737LQ0094421,Silver,374.23
1686,75939,TX,48373,Polk,26,41480OK0404204,Silver,374.28
1717,75939,TX,48373,Polk,26,15068OE1816405,Silver,376.95
1688,75939,TX,48373,Polk,26,75743JD8250323,Silver,383.28
1713,75939,TX,48373,Polk,26,49847OQ6033348,Silver,412.88
1691,75939,TX,48373,Polk,26,84189SZ3987254,Silver,414.92
1259,53181,WI,55059,Kenosha,9,66629BE0793310,Silver,293.11
1305,53181,WI,55059,Kenosha,9,43025DG4155907,Silver,306.56
1270,53181,WI,55059,Kenosha,9,50034VL7699905,Silver,308.57
1261,53181,WI,55059,Kenosha,9,08807ID6685824,Silver,310.93
1272,53181,WI,55059,Kenosha,9,49183GD6427462,Silver,321.14
1297,53181,WI,55059,Kenosha,9,83618LH6858424,Silver,328.31
1278,53181,WI,55059,Kenosha,9,29627RR9452341,Silver,352.27
1282,53181,WI,55059,Kenosha,9,75816TD3573102,Silver,359.64
1266,53181,WI,55059,Kenosha,9,34437KZ2410997,Silver,361.97
1295,53181,WI,55059,Kenosha,9,70054VG6331337,Silver,364.7
1274,53181,WI,55059,Kenosha,9,00603FI1849946,Silver,365.39
1296,53181,WI,55059,Kenosha,9,54107EN5898113,Silver,366.37
1302,53181,WI,55059,Kenosha,9,01989KW7400824,Silver,367.35
1298,53181,WI,55059,Kenosha,9,24171JX8092425,Silver,368.89
1280,53181,WI,55059,Kenosha,9,42516LE0235440,Silver,368.95
1275,53181,WI,55059,Kenosha,9,82673SK5334297,Silver,376.49
1292,53181,WI,55059,Kenosha,9,04544GX9463997,Silver,377.6
1290,53181,WI,55059,Kenosha,9,49589RJ4798049,Silver,382.14
1304,53181,WI,55059,Kenosha,9,67167UB7942799,Silver,382.19
1300,53181,WI,55059,Kenosha,9,52139DQ8897953,Silver,384.71
1277,53181,WI,55059,Kenosha,9,59222UR1427128,Silver,384.79
1269,53181,WI,55059,Kenosha,9,09587TL3881635,Silver,388.68
1265,53181,WI,55059,Kenosha,9,34523RC3794874,Silver,389.52
1279,53181,WI,55059,Kenosha,9,86251WD2039331,Silver,390.93
1284,53181,WI,55059,Kenosha,9,62793BY2595272,Silver,391.6
1264,53181,WI,55059,Kenosha,9,25630KR0773137,Silver,392.68
1263,53181,WI,55059,Kenosha,9,29498FZ5873138,Silver,392.85
1308,53181,WI,55059,Kenosha,9,81889LX2989372,Silver,393.11
1287,53181,WI,55059,Kenosha,9,18927OO7989724,Silver,393.26
1288,53181,WI,55059,Kenosha,9,87650AJ5714877,Silver,393.65
1281,53181,WI,55059,Kenosha,9,52347KM7251649,Silver,393.76
1303,53181,WI,55059,Kenosha,9,36351IC8494318,Silver,394.12
1299,53181,WI,55059,Kenosha,9,09000YW6395336,Silver,395.08
1286,53181,WI,55059,Kenosha,9,78738BX6839514,Silver,398.47
1273,53181,WI,55059,Kenosha,9,79624KU4025288,Silver,399.06
1271,53181,WI,55059,Kenosha,9,73883EC4305694,Silver,401.34
1301,53181,WI,55059,Kenosha,9,42594JD1213795,Silver,402.06
1268,53181,WI,55059,Kenosha,9,88394OP2148834,Silver,404.33
1260,53181,WI,55059,Kenosha,9,59303GW2093847,Silver,405.15
1289,53181,WI,55059,Kenosha,9,05335QH7078918,Silver,408.2
1309,53181,WI,55059,Kenosha,9,83886DV1979824,Silver,409.09
1267,53181,WI,55059,Kenosha,9,19935UL3030120,Silver,409.49
1291,53181,WI,55059,Kenosha,9,71355CO6134914,Silver,409.65
1310,53181,WI,55059,Kenosha,9,65946KA8655042,Silver,410.67
1262,53181,WI,55059,Kenosha,9,88607EO2835820,Silver,411.26
1258,53181,WI,55059,Kenosha,9,23527WY7873467,Silver,414.84
1276,53181,WI,55059,Kenosha,9,00680GQ5145716,Silver,415.13
1307,53181,WI,55059,Kenosha,9,91058VV3825037,Silver,415.26
1285,53181,WI,55059,Kenosha,9,09649MB8044352,Silver,417.96
1306,53181,WI,55059,Kenosha,9,88365JN0153678,Silver,418.38
1293,53181,WI,55059,Kenosha,9,28000BO0477831,Silver,424.64
1283,53181,WI,55059,Kenosha,9,91298SE5192066,Silver,431.55
1294,53181,WI,55059,Kenosha,9,34986EJ9854032,Silver,431.98
222,54923,WI,55137,Waushara,11,56376ZB3365339,Silver,231.59
444,54919,WI,55087,Outagamie,11,56376ZB3365339,Silver,231.59
203,54923,WI,55137,Waushara,11,66962TH7619314,Silver,243.77
425,54919,WI,55087,Outagamie,11,66962TH7619314,Silver,243.77
272,54923,WI,55137,Waushara,11,11115ZC3867409,Silver,251.71
494,54919,WI,55087,Outagamie,11,11115ZC3867409,Silver,251.71
254,54923,WI,55137,Waushara,11,63091LT2023389,Silver,263.78
476,54919,WI,55087,Outagamie,11,63091LT2023389,Silver,263.78
297,54923,WI,55137,Waushara,11,02517UH9215110,Silver,264.88
519,54919,WI,55087,Outagamie,11,02517UH9215110,Silver,264.88
225,54923,WI,55137,Waushara,11,79925TR5178350,Silver,266.61
447,54919,WI,55087,Outagamie,11,79925TR5178350,Silver,266.61
192,54923,WI,55137,Waushara,11,17485HP5896322,Silver,268.65
414,54919,WI,55087,Outagamie,11,17485HP5896322,Silver,268.65
281,54923,WI,55137,Waushara,11,09666HN5671451,Silver,272.37
503,54919,WI,55087,Outagamie,11,09666HN5671451,Silver,272.37
217,54923,WI,55137,Waushara,11,50013WG3334161,Silver,273.27
439,54919,WI,55087,Outagamie,11,50013WG3334161,Silver,273.27
260,54923,WI,55137,Waushara,11,63106UC7789063,Silver,277.47
482,54919,WI,55087,Outagamie,11,63106UC7789063,Silver,277.47
198,54923,WI,55137,Waushara,11,09818NW7874485,Silver,279.57
420,54919,WI,55087,Outagamie,11,09818NW7874485,Silver,279.57
209,54923,WI,55137,Waushara,11,72285GV5289174,Silver,283.67
431,54919,WI,55087,Outagamie,11,72285GV5289174,Silver,283.67
255,54923,WI,55137,Waushara,11,94472KN1212553,Silver,287.4
477,54919,WI,55087,Outagamie,11,94472KN1212553,Silver,287.4
285,54923,WI,55137,Waushara,11,07253XJ9161281,Silver,290.2
507,54919,WI,55087,Outagamie,11,07253XJ9161281,Silver,290.2
286,54923,WI,55137,Waushara,11,63048YF5282381,Silver,290.48
508,54919,WI,55087,Outagamie,11,63048YF5282381,Silver,290.48
251,54923,WI,55137,Waushara,11,07411SH9800978,Silver,291.31
473,54919,WI,55087,Outagamie,11,07411SH9800978,Silver,291.31
269,54923,WI,55137,Waushara,11,24823DI0788009,Silver,292.2
491,54919,WI,55087,Outagamie,11,24823DI0788009,Silver,292.2
293,54923,WI,55137,Waushara,11,84272EC0628751,Silver,297.0
515,54919,WI,55087,Outagamie,11,84272EC0628751,Silver,297.0
275,54923,WI,55137,Waushara,11,36844YS7250107,Silver,300.05
497,54919,WI,55087,Outagamie,11,36844YS7250107,Silver,300.05
259,54923,WI,55137,Waushara,11,51597LN0144935,Silver,300.59
481,54919,WI,55087,Outagamie,11,51597LN0144935,Silver,300.59
279,54923,WI,55137,Waushara,11,84950TC6542330,Silver,301.72
501,54919,WI,55087,Outagamie,11,84950TC6542330,Silver,301.72
215,54923,WI,55137,Waushara,11,89019MH3563533,Silver,303.54
437,54919,WI,55087,Outagamie,11,89019MH3563533,Silver,303.54
228,54923,WI,55137,Waushara,11,54306EG5054583,Silver,303.89
450,54919,WI,55087,Outagamie,11,54306EG5054583,Silver,303.89
266,54923,WI,55137,Waushara,11,92373UR5924050,Silver,309.92
488,54919,WI,55087,Outagamie,11,92373UR5924050,Silver,309.92
299,54923,WI,55137,Waushara,11,82645LF4472021,Silver,310.74
521,54919,WI,55087,Outagamie,11,82645LF4472021,Silver,310.74
292,54923,WI,55137,Waushara,11,14188JR9647967,Silver,312.75
514,54919,WI,55087,Outagamie,11,14188JR9647967,Silver,312.75
233,54923,WI,55137,Waushara,11,25645SS4215874,Silver,313.13
455,54919,WI,55087,Outagamie,11,25645SS4215874,Silver,313.13
221,54923,WI,55137,Waushara,11,49624NT7053234,Silver,314.56
443,54919,WI,55087,Outagamie,11,49624NT7053234,Silver,314.56
291,54923,WI,55137,Waushara,11,72112KM6489896,Silver,315.06
513,54919,WI,55087,Outagamie,11,72112KM6489896,Silver,315.06
220,54923,WI,55137,Waushara,11,15245DL7689035,Silver,315.11
442,54919,WI,55087,Outagamie,11,15245DL7689035,Silver,315.11
235,54923,WI,55137,Waushara,11,09174DV3355343,Silver,315.69
457,54919,WI,55087,Outagamie,11,09174DV3355343,Silver,315.69
210,54923,WI,55137,Waushara,11,09593GR0151190,Silver,316.53
432,54919,WI,55087,Outagamie,11,09593GR0151190,Silver,316.53
242,54923,WI,55137,Waushara,11,39731EM4819795,Silver,317.87
464,54919,WI,55087,Outagamie,11,39731EM4819795,Silver,317.87
246,54923,WI,55137,Waushara,11,46371FF6818953,Silver,317.9
468,54919,WI,55087,Outagamie,11,46371FF6818953,Silver,317.9
245,54923,WI,55137,Waushara,11,98223HG3742676,Silver,319.09
467,54919,WI,55087,Outagamie,11,98223HG3742676,Silver,319.09
212,54923,WI,55137,Waushara,11,58930GP1680375,Silver,322.02
434,54919,WI,55087,Outagamie,11,58930GP1680375,Silver,322.02
231,54923,WI,55137,Waushara,11,33446PO1028431,Silver,322.93
453,54919,WI,55087,Outagamie,11,33446PO1028431,Silver,322.93
229,54923,WI,55137,Waushara,11,98115KM7080342,Silver,323.86
451,54919,WI,55087,Outagamie,11,98115KM7080342,Silver,323.86
280,54923,WI,55137,Waushara,11,44887OV9501609,Silver,324.81
502,54919,WI,55087,Outagamie,11,44887OV9501609,Silver,324.81
226,54923,WI,55137,Waushara,11,44039TF7550895,Silver,325.14
448,54919,WI,55087,Outagamie,11,44039TF7550895,Silver,325.14
240,54923,WI,55137,Waushara,11,91073XR1797869,Silver,325.3
462,54919,WI,55087,Outagamie,11,91073XR1797869,Silver,325.3
232,54923,WI,55137,Waushara,11,02567PF1110378,Silver,325.37
454,54919,WI,55087,Outagamie,11,02567PF1110378,Silver,325.37
264,54923,WI,55137,Waushara,11,19456CS7932324,Silver,326.7
486,54919,WI,55087,Outagamie,11,19456CS7932324,Silver,326.7
205,54923,WI,55137,Waushara,11,81757DE2780561,Silver,326.96
427,54919,WI,55087,Outagamie,11,81757DE2780561,Silver,326.96
201,54923,WI,55137,Waushara,11,93752LH3527688,Silver,327.08
423,54919,WI,55087,Outagamie,11,93752LH3527688,Silver,327.08
249,54923,WI,55137,Waushara,11,80288IM3181077,Silver,327.43
471,54919,WI,55087,Outagamie,11,80288IM3181077,Silver,327.43
250,54923,WI,55137,Waushara,11,46607XS9678569,Silver,328.6
472,54919,WI,55087,Outagamie,11,46607XS9678569,Silver,328.6
202,54923,WI,55137,Waushara,11,39847TE5748879,Silver,329.27
424,54919,WI,55087,Outagamie,11,39847TE5748879,Silver,329.27
257,54923,WI,55137,Waushara,11,26497GB5100364,Silver,329.32
479,54919,WI,55087,Outagamie,11,26497GB5100364,Silver,329.32
200,54923,WI,55137,Waushara,11,68514KZ6902970,Silver,329.64
422,54919,WI,55087,Outagamie,11,68514KZ6902970,Silver,329.64
243,54923,WI,55137,Waushara,11,50977EQ2636577,Silver,330.05
465,54919,WI,55087,Outagamie,11,50977EQ2636577,Silver,330.05
190,54923,WI,55137,Waushara,11,03388TX8996120,Silver,330.08
412,54919,WI,55087,Outagamie,11,03388TX8996120,Silver,330.08
191,54923,WI,55137,Waushara,11,02781RH0528800,Silver,330.1
413,54919,WI,55087,Outagamie,11,02781RH0528800,Silver,330.1
290,54923,WI,55137,Waushara,11,07427XN9440066,Silver,331.5
512,54919,WI,55087,Outagamie,11,07427XN9440066,Silver,331.5
238,54923,WI,55137,Waushara,11,39944IP4313406,Silver,332.47
460,54919,WI,55087,Outagamie,11,39944IP4313406,Silver,332.47
244,54923,WI,55137,Waushara,11,61708YK7289138,Silver,333.05
466,54919,WI,55087,Outagamie,11,61708YK7289138,Silver,333.05
248,54923,WI,55137,Waushara,11,73017SO9544304,Silver,333.45
470,54919,WI,55087,Outagamie,11,73017SO9544304,Silver,333.45
218,54923,WI,55137,Waushara,11,08450KC2944100,Silver,335.64
440,54919,WI,55087,Outagamie,11,08450KC2944100,Silver,335.64
224,54923,WI,55137,Waushara,11,14057TB0815974,Silver,337.6
446,54919,WI,55087,Outagamie,11,14057TB0815974,Silver,337.6
197,54923,WI,55137,Waushara,11,47029DK7773844,Silver,338.35
419,54919,WI,55087,Outagamie,11,47029DK7773844,Silver,338.35
277,54923,WI,55137,Waushara,11,54728WT2249756,Silver,338.5
499,54919,WI,55087,Outagamie,11,54728WT2249756,Silver,338.5
256,54923,WI,55137,Waushara,11,43452UW3549825,Silver,339.2
478,54919,WI,55087,Outagamie,11,43452UW3549825,Silver,339.2
252,54923,WI,55137,Waushara,11,95478VZ1347012,Silver,339.3
474,54919,WI,55087,Outagamie,11,95478VZ1347012,Silver,339.3
261,54923,WI,55137,Waushara,11,45774LQ9876338,Silver,340.45
483,54919,WI,55087,Outagamie,11,45774LQ9876338,Silver,340.45
284,54923,WI,55137,Waushara,11,91292BK3488463,Silver,342.91
506,54919,WI,55087,Outagamie,11,91292BK3488463,Silver,342.91
199,54923,WI,55137,Waushara,11,02938YY9262289,Silver,343.19
421,54919,WI,55087,Outagamie,11,02938YY9262289,Silver,343.19
207,54923,WI,55137,Waushara,11,09340SI7328008,Silver,343.35
429,54919,WI,55087,Outagamie,11,09340SI7328008,Silver,343.35
271,54923,WI,55137,Waushara,11,69907CD6036104,Silver,344.44
493,54919,WI,55087,Outagamie,11,69907CD6036104,Silver,344.44
194,54923,WI,55137,Waushara,11,35405HU9926898,Silver,344.56
416,54919,WI,55087,Outagamie,11,35405HU9926898,Silver,344.56
239,54923,WI,55137,Waushara,11,75319HS7527488,Silver,345.0
461,54919,WI,55087,Outagamie,11,75319HS7527488,Silver,345.0
216,54923,WI,55137,Waushara,11,30591SX7255811,Silver,345.81
438,54919,WI,55087,Outagamie,11,30591SX7255811,Silver,345.81
298,54923,WI,55137,Waushara,11,03392UE8415665,Silver,347.58
520,54919,WI,55087,Outagamie,11,03392UE8415665,Silver,347.58
227,54923,WI,55137,Waushara,11,62526TG8360805,Silver,348.59
449,54919,WI,55087,Outagamie,11,62526TG8360805,Silver,348.59
189,54923,WI,55137,Waushara,11,71371IL9623602,Silver,348.73
411,54919,WI,55087,Outagamie,11,71371IL9623602,Silver,348.73
296,54923,WI,55137,Waushara,11,05579GB2162961,Silver,350.3
518,54919,WI,55087,Outagamie,11,05579GB2162961,Silver,350.3
276,54923,WI,55137,Waushara,11,64977KQ9725938,Silver,350.77
498,54919,WI,55087,Outagamie,11,64977KQ9725938,Silver,350.77
287,54923,WI,55137,Waushara,11,10627JO9617076,Silver,351.52
509,54919,WI,55087,Outagamie,11,10627JO9617076,Silver,351.52
204,54923,WI,55137,Waushara,11,94059OX6824148,Silver,352.19
426,54919,WI,55087,Outagamie,11,94059OX6824148,Silver,352.19
253,54923,WI,55137,Waushara,11,64259QU5630039,Silver,352.98
475,54919,WI,55087,Outagamie,11,64259QU5630039,Silver,352.98
193,54923,WI,55137,Waushara,11,75985MT1794487,Silver,356.94
415,54919,WI,55087,Outagamie,11,75985MT1794487,Silver,356.94
294,54923,WI,55137,Waushara,11,18093SU0825364,Silver,358.59
516,54919,WI,55087,Outagamie,11,18093SU0825364,Silver,358.59
236,54923,WI,55137,Waushara,11,11597SK8547278,Silver,359.07
458,54919,WI,55087,Outagamie,11,11597SK8547278,Silver,359.07
241,54923,WI,55137,Waushara,11,18644VH7133866,Silver,359.14
463,54919,WI,55087,Outagamie,11,18644VH7133866,Silver,359.14
214,54923,WI,55137,Waushara,11,25660RI1636915,Silver,359.55
436,54919,WI,55087,Outagamie,11,25660RI1636915,Silver,359.55
219,54923,WI,55137,Waushara,11,90689CX3042435,Silver,359.58
441,54919,WI,55087,Outagamie,11,90689CX3042435,Silver,359.58
282,54923,WI,55137,Waushara,11,37199QK8520120,Silver,370.02
504,54919,WI,55087,Outagamie,11,37199QK8520120,Silver,370.02
247,54923,WI,55137,Waushara,11,02893GB3945947,Silver,372.7
469,54919,WI,55087,Outagamie,11,02893GB3945947,Silver,372.7
262,54923,WI,55137,Waushara,11,56431ZW8758694,Silver,377.09
484,54919,WI,55087,Outagamie,11,56431ZW8758694,Silver,377.09
278,54923,WI,55137,Waushara,11,00721AL9623718,Silver,380.28
500,54919,WI,55087,Outagamie,11,00721AL9623718,Silver,380.28
195,54923,WI,55137,Waushara,11,17459KR4919039,Silver,382.38
417,54919,WI,55087,Outagamie,11,17459KR4919039,Silver,382.38
213,54923,WI,55137,Waushara,11,48760MR1662046,Silver,388.58
435,54919,WI,55087,Outagamie,11,48760MR1662046,Silver,388.58
234,54923,WI,55137,Waushara,11,37680NC9007403,Silver,389.06
456,54919,WI,55087,Outagamie,11,37680NC9007403,Silver,389.06
196,54923,WI,55137,Waushara,11,81098JW4812480,Silver,392.53
418,54919,WI,55087,Outagamie,11,81098JW4812480,Silver,392.53
295,54923,WI,55137,Waushara,11,17969LU2182747,Silver,395.48
517,54919,WI,55087,Outagamie,11,17969LU2182747,Silver,395.48
208,54923,WI,55137,Waushara,11,77817IL9899048,Silver,403.02
430,54919,WI,55087,Outagamie,11,77817IL9899048,Silver,403.02
289,54923,WI,55137,Waushara,11,20847SB9813945,Silver,406.04
511,54919,WI,55087,Outagamie,11,20847SB9813945,Silver,406.04
230,54923,WI,55137,Waushara,11,12394ZE4650714,Silver,408.34
452,54919,WI,55087,Outagamie,11,12394ZE4650714,Silver,408.34
274,54923,WI,55137,Waushara,11,14210JH7105793,Silver,412.24
496,54919,WI,55087,Outagamie,11,14210JH7105793,Silver,412.24
211,54923,WI,55137,Waushara,11,08291RU7503215,Silver,415.34
433,54919,WI,55087,Outagamie,11,08291RU7503215,Silver,415.34
263,54923,WI,55137,Waushara,11,45697IY2578199,Silver,418.95
485,54919,WI,55087,Outagamie,11,45697IY2578199,Silver,418.95
288,54923,WI,55137,Waushara,11,27041MR8661344,Silver,419.25
510,54919,WI,55087,Outagamie,11,27041MR8661344,Silver,419.25
206,54923,WI,55137,Waushara,11,77692QQ9703954,Silver,419.37
428,54919,WI,55087,Outagamie,11,77692QQ9703954,Silver,419.37
268,54923,WI,55137,Waushara,11,18578HL0188642,Silver,422.1
490,54919,WI,55087,Outagamie,11,18578HL0188642,Silver,422.1
258,54923,WI,55137,Waushara,11,10243LK0954120,Silver,422.52
480,54919,WI,55087,Outagamie,11,10243LK0954120,Silver,422.52
223,54923,WI,55137,Waushara,11,29398VB0371138,Silver,428.84
445,54919,WI,55087,Outagamie,11,29398VB0371138,Silver,428.84
267,54923,WI,55137,Waushara,11,83213ZT5114769,Silver,435.82
489,54919,WI,55087,Outagamie,11,83213ZT5114769,Silver,435.82
237,54923,WI,55137,Waushara,11,42769OK5732516,Silver,436.26
459,54919,WI,55087,Outagamie,11,42769OK5732516,Silver,436.26
119,54923,WI,55047,Green Lake,15,81545KU3188555,Silver,242.51
140,54923,WI,55047,Green Lake,15,33926CL0585513,Silver,255.26
122,54923,WI,55047,Green Lake,15,93615SJ6586754,Silver,274.03
162,54923,WI,55047,Green Lake,15,76219JV3273322,Silver,276.21
173,54923,WI,55047,Green Lake,15,91760UB4926348,Silver,282.54
108,54923,WI,55047,Green Lake,15,82914WD5872618,Silver,287.22
177,54923,WI,55047,Green Lake,15,61958PO0785664,Silver,290.89
168,54923,WI,55047,Green Lake,15,23076MT7267517,Silver,293.56
152,54923,WI,55047,Green Lake,15,95751SD8060483,Silver,295.24
112,54923,WI,55047,Green Lake,15,65636JR8409258,Silver,297.0
123,54923,WI,55047,Green Lake,15,96382KJ5527973,Silver,298.5
166,54923,WI,55047,Green Lake,15,29508EQ7270693,Silver,300.05
183,54923,WI,55047,Green Lake,15,53610VV3340167,Silver,300.51
154,54923,WI,55047,Green Lake,15,61889RV6873796,Silver,300.91
114,54923,WI,55047,Green Lake,15,74924SJ3199266,Silver,300.93
116,54923,WI,55047,Green Lake,15,69800QY7721727,Silver,303.62
148,54923,WI,55047,Green Lake,15,20040WX2095738,Silver,305.97
121,54923,WI,55047,Green Lake,15,79896SK5019997,Silver,307.77
147,54923,WI,55047,Green Lake,15,59632EK1749389,Silver,310.36
130,54923,WI,55047,Green Lake,15,75798TG0269433,Silver,312.61
171,54923,WI,55047,Green Lake,15,75745SB2321843,Silver,312.87
138,54923,WI,55047,Green Lake,15,20187IY2147730,Silver,313.13
164,54923,WI,55047,Green Lake,15,41862QR5018408,Silver,314.12
150,54923,WI,55047,Green Lake,15,72080UD8565528,Silver,316.87
131,54923,WI,55047,Green Lake,15,97714IR7550190,Silver,317.79
109,54923,WI,55047,Green Lake,15,74133BJ1989273,Silver,317.91
188,54923,WI,55047,Green Lake,15,90812BX8674990,Silver,319.35
120,54923,WI,55047,Green Lake,15,41045CH7135719,Silver,319.78
163,54923,WI,55047,Green Lake,15,33426JM9399012,Silver,320.46
144,54923,WI,55047,Green Lake,15,77518UR5194618,Silver,325.4
105,54923,WI,55047,Green Lake,15,23018XQ8604367,Silver,326.7
134,54923,WI,55047,Green Lake,15,25694JT2442325,Silver,326.9
124,54923,WI,55047,Green Lake,15,18026MY5785106,Silver,327.34
184,54923,WI,55047,Green Lake,15,25944SG2165778,Silver,327.41
139,54923,WI,55047,Green Lake,15,11821PU7247920,Silver,327.78
187,54923,WI,55047,Green Lake,15,48987WX5271778,Silver,327.81
145,54923,WI,55047,Green Lake,15,54410WP2669213,Silver,329.39
125,54923,WI,55047,Green Lake,15,00656FP1890348,Silver,330.05
175,54923,WI,55047,Green Lake,15,07363FI7473526,Silver,338.15
126,54923,WI,55047,Green Lake,15,26673HT3121467,Silver,339.77
156,54923,WI,55047,Green Lake,15,05239VL1624863,Silver,343.77
143,54923,WI,55047,Green Lake,15,86248WF9292855,Silver,344.39
110,54923,WI,55047,Green Lake,15,59862MD3128387,Silver,344.44
133,54923,WI,55047,Green Lake,15,95489XJ4421313,Silver,345.0
149,54923,WI,55047,Green Lake,15,86976VA9881219,Silver,346.67
182,54923,WI,55047,Green Lake,15,50163FO6467859,Silver,349.85
172,54923,WI,55047,Green Lake,15,37358AS6111862,Silver,352.19
170,54923,WI,55047,Green Lake,15,59823OV2931135,Silver,354.24
137,54923,WI,55047,Green Lake,15,92441MW7504366,Silver,354.68
157,54923,WI,55047,Green Lake,15,63070LH6060840,Silver,358.19
151,54923,WI,55047,Green Lake,15,82862VU2799544,Silver,359.13
179,54923,WI,55047,Green Lake,15,23750NW4398863,Silver,360.64
111,54923,WI,55047,Green Lake,15,58717RQ0418089,Silver,360.7
117,54923,WI,55047,Green Lake,15,99889DH1285485,Silver,365.79
142,54923,WI,55047,Green Lake,15,67701PR6775405,Silver,367.92
129,54923,WI,55047,Green Lake,15,18911JZ6399393,Silver,369.16
160,54923,WI,55047,Green Lake,15,25787TQ0841230,Silver,370.02
146,54923,WI,55047,Green Lake,15,34098KS4202119,Silver,371.03
159,54923,WI,55047,Green Lake,15,49030DH7406318,Silver,373.59
115,54923,WI,55047,Green Lake,15,40597KQ5088076,Silver,373.65
158,54923,WI,55047,Green Lake,15,46143MH1206533,Silver,376.12
169,54923,WI,55047,Green Lake,15,49413UQ5825021,Silver,377.41
153,54923,WI,55047,Green Lake,15,35955NO3114107,Silver,380.81
141,54923,WI,55047,Green Lake,15,17977GI4809831,Silver,381.62
132,54923,WI,55047,Green Lake,15,82699EK9536838,Silver,382.38
178,54923,WI,55047,Green Lake,15,77259KP4185836,Silver,383.91
107,54923,WI,55047,Green Lake,15,57504FJ3926318,Silver,384.07
135,54923,WI,55047,Green Lake,15,31089SU2628817,Silver,384.85
136,54923,WI,55047,Green Lake,15,75465RA6385027,Silver,384.96
155,54923,WI,55047,Green Lake,15,16417JP0461196,Silver,387.97
174,54923,WI,55047,Green Lake,15,74646LF7972113,Silver,389.56
113,54923,WI,55047,Green Lake,15,43967XW2776578,Silver,391.75
186,54923,WI,55047,Green Lake,15,07703OR5114448,Silver,392.12
180,54923,WI,55047,Green Lake,15,11562PJ9168028,Silver,392.37
118,54923,WI,55047,Green Lake,15,04805IG0572018,Silver,393.26
167,54923,WI,55047,Green Lake,15,60022MW2583141,Silver,400.49
185,54923,WI,55047,Green Lake,15,49191RG5958553,Silver,408.3
127,54923,WI,55047,Green Lake,15,53682BV4748796,Silver,410.58
106,54923,WI,55047,Green Lake,15,28341FR8516247,Silver,410.74
128,54923,WI,55047,Green Lake,15,31615SV2078284,Silver,412.64
1222,26716,WV,54077,Preston,9,41428DP4141725,Silver,278.9
1225,26716,WV,54077,Preston,9,10656WG5715470,Silver,291.76
1223,26716,WV,54077,Preston,9,86436JI6872994,Silver,295.05
1226,26716,WV,54077,Preston,9,90059XJ3610453,Silver,295.63
